timestamp,cardano_open,cardano_high,cardano_low,cardano_close,cardano_volume,cardano_market_cap,cardano_trade_count
2024-02-26 00:00:00,0.5919576755178287,0.5919576755178287,0.5919576755178287,0.5919576755178287,331872250.21940106,20808674548.394154,0
2024-02-27 00:00:00,0.6185476984822272,0.6185476984822272,0.6185476984822272,0.6185476984822272,592087524.6837299,21749100726.164223,0
2024-02-28 00:00:00,0.6241652788950875,0.6241652788950875,0.6241652788950875,0.6241652788950875,731758945.9474002,21941823650.68804,0
2024-02-29 00:00:00,0.6314079487062091,0.6314079487062091,0.6314079487062091,0.6314079487062091,1191538044.9229648,22129642461.9693,0
2024-03-01 00:00:00,0.6564418023911469,0.6564418023911469,0.6564418023911469,0.6564418023911469,1614265130.1649714,23175081904.582394,0
2024-03-02 00:00:00,0.7149619267973372,0.7149619267973372,0.7149619267973372,0.7149619267973372,920359857.4053148,25001746853.5039,0
2024-03-03 00:00:00,0.7417755124257798,0.7417755124257798,0.7417755124257798,0.7417755124257798,1241581216.1611676,26076704669.155296,0
2024-03-04 00:00:00,0.7276491507472452,0.7276491507472452,0.7276491507472452,0.7276491507472452,903142029.2722098,25559072214.641167,0
2024-03-05 00:00:00,0.7722695346369098,0.7722695346369098,0.7722695346369098,0.7722695346369098,1680447500.2155988,27150808361.07307,0
2024-03-06 00:00:00,0.6972076134960586,0.6972076134960586,0.6972076134960586,0.6972076134960586,2188572422.175405,24537972409.659946,0
2024-03-07 00:00:00,0.7336259370506201,0.7336259370506201,0.7336259370506201,0.7336259370506201,1200380141.1484196,25771433380.11001,0
2024-03-08 00:00:00,0.744449593191725,0.744449593191725,0.744449593191725,0.744449593191725,910160155.0149086,26227156486.565323,0
2024-03-09 00:00:00,0.7247375305870432,0.7247375305870432,0.7247375305870432,0.7247375305870432,903991115.3918713,25474242398.708546,0
2024-03-10 00:00:00,0.7449746080676288,0.7449746080676288,0.7449746080676288,0.7449746080676288,539996207.9753002,26203159950.656734,0
2024-03-11 00:00:00,0.7160578860375334,0.7160578860375334,0.7160578860375334,0.7160578860375334,605135043.3263835,25173363502.68041,0
2024-03-12 00:00:00,0.7749753173328475,0.7749753173328475,0.7749753173328475,0.7749753173328475,1288497599.5847096,27332452666.28988,0
2024-03-13 00:00:00,0.7481917133085468,0.7481917133085468,0.7481917133085468,0.7481917133085468,978092026.6629596,26331618804.534817,0
2024-03-14 00:00:00,0.7639288624018844,0.7639288624018844,0.7639288624018844,0.7639288624018844,784498987.3893253,26902388376.62822,0
2024-03-15 00:00:00,0.750550098481413,0.750550098481413,0.750550098481413,0.750550098481413,1567796430.063801,26442400083.09161,0
2024-03-16 00:00:00,0.7270113979441996,0.7270113979441996,0.7270113979441996,0.7270113979441996,1387708020.9297395,25650847321.97299,0
2024-03-17 00:00:00,0.6582371256229309,0.6582371256229309,0.6582371256229309,0.6582371256229309,933330158.7096813,23168400664.030697,0
2024-03-18 00:00:00,0.6817720909945488,0.6817720909945488,0.6817720909945488,0.6817720909945488,795832686.2319198,23935819800.255726,0
2024-03-19 00:00:00,0.6623281909079127,0.6623281909079127,0.6623281909079127,0.6623281909079127,784022016.7126212,23349816062.874863,0
2024-03-20 00:00:00,0.586019350902608,0.586019350902608,0.586019350902608,0.586019350902608,1134359096.991792,20766095416.002777,0
2024-03-21 00:00:00,0.6391399616378111,0.6391399616378111,0.6391399616378111,0.6391399616378111,983440896.54995,22541731953.820232,0
2024-03-22 00:00:00,0.6327763463799453,0.6327763463799453,0.6327763463799453,0.6327763463799453,652369970.6970923,22293078293.62098,0
2024-03-23 00:00:00,0.6123037796803994,0.6123037796803994,0.6123037796803994,0.6123037796803994,575808688.7023321,21536222046.56704,0
2024-03-24 00:00:00,0.626207258573385,0.626207258573385,0.626207258573385,0.626207258573385,381206401.7952702,22086659773.711826,0
2024-03-25 00:00:00,0.6460247903982396,0.6460247903982396,0.6460247903982396,0.6460247903982396,400457710.56079775,22771521662.25933,0
2024-03-26 00:00:00,0.656199944873147,0.656199944873147,0.656199944873147,0.656199944873147,578742871.3761855,23073311103.70861,0
2024-03-27 00:00:00,0.6653790384572502,0.6653790384572502,0.6653790384572502,0.6653790384572502,607663811.7648048,23425863356.52765,0
2024-03-28 00:00:00,0.6481572867334939,0.6481572867334939,0.6481572867334939,0.6481572867334939,650061841.9311377,22791665858.70475,0
2024-03-29 00:00:00,0.650176399951593,0.650176399951593,0.650176399951593,0.650176399951593,450612027.8680591,22932276600.526695,0
2024-03-30 00:00:00,0.6642438985254749,0.6642438985254749,0.6642438985254749,0.6642438985254749,549602846.6540099,23417798018.988457,0
2024-03-31 00:00:00,0.6444865397214639,0.6444865397214639,0.6444865397214639,0.6444865397214639,392465498.60557985,22715036680.597885,0
2024-04-01 00:00:00,0.650449791081512,0.650449791081512,0.650449791081512,0.650449791081512,310241563.5826532,22936901822.21796,0
2024-04-02 00:00:00,0.6222400848463132,0.6222400848463132,0.6222400848463132,0.6222400848463132,618759083.8223126,21965439919.597378,0
2024-04-03 00:00:00,0.5803721745636556,0.5803721745636556,0.5803721745636556,0.5803721745636556,674907501.5604758,20489842913.351616,0
2024-04-04 00:00:00,0.5717466267422849,0.5717466267422849,0.5717466267422849,0.5717466267422849,488583939.81309575,20195244548.13768,0
2024-04-05 00:00:00,0.5824651813735257,0.5824651813735257,0.5824651813735257,0.5824651813735257,493976013.2920013,20528887322.715195,0
2024-04-06 00:00:00,0.5756851059798307,0.5756851059798307,0.5756851059798307,0.5756851059798307,448049598.08085907,20310156797.1702,0
2024-04-07 00:00:00,0.58375664703524,0.58375664703524,0.58375664703524,0.58375664703524,250145939.32882616,20601299549.17333,0
2024-04-08 00:00:00,0.5889143734956137,0.5889143734956137,0.5889143734956137,0.5889143734956137,304626893.8137585,20777126322.914104,0
2024-04-09 00:00:00,0.6139464835843659,0.6139464835843659,0.6139464835843659,0.6139464835843659,420999932.1228263,21656789672.065453,0
2024-04-10 00:00:00,0.592220359906436,0.592220359906436,0.592220359906436,0.592220359906436,491543274.35827094,20924789640.94384,0
2024-04-11 00:00:00,0.5857210197068813,0.5857210197068813,0.5857210197068813,0.5857210197068813,503089955.4489689,20668286533.549202,0
2024-04-12 00:00:00,0.5861803169343673,0.5861803169343673,0.5861803169343673,0.5861803169343673,317384210.1952712,20676509387.767456,0
2024-04-13 00:00:00,0.5045343784889652,0.5045343784889652,0.5045343784889652,0.5045343784889652,1158713751.7671273,17787126923.073368,0
2024-04-14 00:00:00,0.4490279512162241,0.4490279512162241,0.4490279512162241,0.4490279512162241,1213139931.1405385,15871867859.858751,0
2024-04-15 00:00:00,0.4687265109427785,0.4687265109427785,0.4687265109427785,0.4687265109427785,980343416.1774567,16589375307.638958,0
2024-04-16 00:00:00,0.4603126182998896,0.4603126182998896,0.4603126182998896,0.4603126182998896,725890529.3059012,16238863615.03449,0
2024-04-17 00:00:00,0.4583592084919298,0.4583592084919298,0.4583592084919298,0.4583592084919298,526885840.3740244,16195959201.198883,0
2024-04-18 00:00:00,0.4445898969863973,0.4445898969863973,0.4445898969863973,0.4445898969863973,498469338.2962892,15677617362.96021,0
2024-04-19 00:00:00,0.4578276522744481,0.4578276522744481,0.4578276522744481,0.4578276522744481,420467438.69094026,16158304603.226147,0
2024-04-20 00:00:00,0.4699167090223507,0.4699167090223507,0.4699167090223507,0.4699167090223507,611690530.4414759,16654042944.984558,0
2024-04-21 00:00:00,0.5047835543618832,0.5047835543618832,0.5047835543618832,0.5047835543618832,538078098.3699543,17810194458.53564,0
2024-04-22 00:00:00,0.49910044017061184,0.49910044017061184,0.49910044017061184,0.49910044017061184,360556109.3094675,17620600438.175224,0
2024-04-23 00:00:00,0.5163694474106608,0.5163694474106608,0.5163694474106608,0.5163694474106608,412110566.6517646,18237582503.816647,0
2024-04-24 00:00:00,0.5004444916938912,0.5004444916938912,0.5004444916938912,0.5004444916938912,399478118.71618026,17669693745.927345,0
2024-04-25 00:00:00,0.4748989595842877,0.4748989595842877,0.4748989595842877,0.4748989595842877,494570842.2073933,16784653719.617798,0
2024-04-26 00:00:00,0.47057883062344014,0.47057883062344014,0.47057883062344014,0.47057883062344014,348706323.314686,16612661971.69276,0
2024-04-27 00:00:00,0.46243449423225436,0.46243449423225436,0.46243449423225436,0.46243449423225436,323285772.6026572,16318277109.491167,0
2024-04-28 00:00:00,0.46781029792904516,0.46781029792904516,0.46781029792904516,0.46781029792904516,322647104.369064,16507785930.512177,0
2024-04-29 00:00:00,0.45994209671878394,0.45994209671878394,0.45994209671878394,0.45994209671878394,253384657.26932502,16249932295.426746,0
2024-04-30 00:00:00,0.45707636141932567,0.45707636141932567,0.45707636141932567,0.45707636141932567,301287281.428772,16153257571.051527,0
2024-05-01 00:00:00,0.4409541499307044,0.4409541499307044,0.4409541499307044,0.4409541499307044,414214881.1344159,15611565965.335426,0
2024-05-02 00:00:00,0.44955088395760584,0.44955088395760584,0.44955088395760584,0.44955088395760584,539589652.4288428,15913854392.906786,0
2024-05-03 00:00:00,0.45815380575529224,0.45815380575529224,0.45815380575529224,0.45815380575529224,371916372.2849091,16177042156.197575,0
2024-05-04 00:00:00,0.4671149377141021,0.4671149377141021,0.4671149377141021,0.4671149377141021,338556727.6704246,16523320469.96957,0
2024-05-05 00:00:00,0.463075749899171,0.463075749899171,0.463075749899171,0.463075749899171,248541339.92633924,16362012425.45175,0
2024-05-06 00:00:00,0.45805925752354787,0.45805925752354787,0.45805925752354787,0.45805925752354787,246836840.8366592,16178541151.346535,0
2024-05-07 00:00:00,0.4541690938933543,0.4541690938933543,0.4541690938933543,0.4541690938933543,346831496.826964,16057046698.821358,0
2024-05-08 00:00:00,0.4417192327446154,0.4417192327446154,0.4417192327446154,0.4417192327446154,310303261.8048173,15651106908.555315,0
2024-05-09 00:00:00,0.4533687042628684,0.4533687042628684,0.4533687042628684,0.4533687042628684,468629546.7847501,16001821951.976538,0
2024-05-10 00:00:00,0.46369917329560356,0.46369917329560356,0.46369917329560356,0.46369917329560356,311841392.97678226,16368804834.984537,0
2024-05-11 00:00:00,0.44843722989090995,0.44843722989090995,0.44843722989090995,0.44843722989090995,303982003.2505244,15860784187.336462,0
2024-05-12 00:00:00,0.4385723944343846,0.4385723944343846,0.4385723944343846,0.4385723944343846,187860393.35073552,15511692633.013979,0
2024-05-13 00:00:00,0.437780925754015,0.437780925754015,0.437780925754015,0.437780925754015,153891175.97658762,15469210050.884933,0
2024-05-14 00:00:00,0.43622276278212985,0.43622276278212985,0.43622276278212985,0.43622276278212985,368725571.9225032,15422503857.50605,0
2024-05-15 00:00:00,0.42789481449248123,0.42789481449248123,0.42789481449248123,0.42789481449248123,271693605.70529646,15123238919.225279,0
2024-05-16 00:00:00,0.4528648884383967,0.4528648884383967,0.4528648884383967,0.4528648884383967,311221104.81327164,16047784027.138388,0
2024-05-17 00:00:00,0.45958204879956466,0.45958204879956466,0.45958204879956466,0.45958204879956466,320497588.603313,16247670712.572132,0
2024-05-18 00:00:00,0.48173573792943625,0.48173573792943625,0.48173573792943625,0.48173573792943625,388958031.04292554,16993159378.567549,0
2024-05-19 00:00:00,0.4820458777066045,0.4820458777066045,0.4820458777066045,0.4820458777066045,211817048.55839685,17045689455.649544,0
2024-05-20 00:00:00,0.467454095584356,0.467454095584356,0.467454095584356,0.467454095584356,220596166.6278332,16517257103.945122,0
2024-05-21 00:00:00,0.5017230897439796,0.5017230897439796,0.5017230897439796,0.5017230897439796,488245022.0023136,17750735649.129948,0
2024-05-22 00:00:00,0.49472192873609866,0.49472192873609866,0.49472192873609866,0.49472192873609866,481158028.3959669,17487340780.446228,0
2024-05-23 00:00:00,0.48320189447632295,0.48320189447632295,0.48320189447632295,0.48320189447632295,368719007.85579795,17076353170.671797,0
2024-05-24 00:00:00,0.46534275067897674,0.46534275067897674,0.46534275067897674,0.46534275067897674,531198750.17083156,16448159625.762842,0
2024-05-25 00:00:00,0.459628260269742,0.459628260269742,0.459628260269742,0.459628260269742,316350237.36748934,16235360344.950903,0
2024-05-26 00:00:00,0.4619779530146571,0.4619779530146571,0.4619779530146571,0.4619779530146571,210902068.6534106,16331993102.935738,0
2024-05-27 00:00:00,0.45830449091052616,0.45830449091052616,0.45830449091052616,0.45830449091052616,201602973.459,16216791123.152271,0
2024-05-28 00:00:00,0.4679579408262285,0.4679579408262285,0.4679579408262285,0.4679579408262285,283896177.2227891,16541103555.92494,0
2024-05-29 00:00:00,0.4568262495359747,0.4568262495359747,0.4568262495359747,0.4568262495359747,369307629.51765275,16169721756.360422,0
2024-05-30 00:00:00,0.450738740656646,0.450738740656646,0.450738740656646,0.450738740656646,312567944.20815223,15964916793.84593,0
2024-05-31 00:00:00,0.4463402019849953,0.4463402019849953,0.4463402019849953,0.4463402019849953,318818188.48466957,15786163356.64552,0
2024-06-01 00:00:00,0.4475355892235874,0.4475355892235874,0.4475355892235874,0.4475355892235874,266639967.29277182,15852671211.468348,0
2024-06-02 00:00:00,0.44986981215147576,0.44986981215147576,0.44986981215147576,0.44986981215147576,157009078.2666174,15915580942.782484,0
2024-06-03 00:00:00,0.4463838847003557,0.4463838847003557,0.4463838847003557,0.4463838847003557,227090328.52502474,15807812590.4168,0
2024-06-04 00:00:00,0.4568053043504163,0.4568053043504163,0.4568053043504163,0.4568053043504163,275029942.5279008,16162405973.428911,0
2024-06-05 00:00:00,0.46141576846237486,0.46141576846237486,0.46141576846237486,0.46141576846237486,274734008.9699261,16314087111.213266,0
2024-06-06 00:00:00,0.46167843628047045,0.46167843628047045,0.46167843628047045,0.46167843628047045,276170029.64489585,16318700107.584906,0
2024-06-07 00:00:00,0.4581490300594973,0.4581490300594973,0.4581490300594973,0.4581490300594973,258155075.8497083,16213991519.778975,0
2024-06-08 00:00:00,0.4494969073060348,0.4494969073060348,0.4494969073060348,0.4494969073060348,747757938.1448193,15927731210.10306,0
2024-06-09 00:00:00,0.43671073503746227,0.43671073503746227,0.43671073503746227,0.43671073503746227,340945710.6417836,15450531176.901262,0
2024-06-10 00:00:00,0.44421735997515904,0.44421735997515904,0.44421735997515904,0.44421735997515904,312373101.04444635,15717754438.844063,0
2024-06-11 00:00:00,0.44100188807184415,0.44100188807184415,0.44100188807184415,0.44100188807184415,436409137.94402504,15605856116.859898,0
2024-06-12 00:00:00,0.4218316928344483,0.4218316928344483,0.4218316928344483,0.4218316928344483,607989047.4247239,14925756888.703344,0
2024-06-13 00:00:00,0.43762220241775474,0.43762220241775474,0.43762220241775474,0.43762220241775474,456553260.49036,15498857772.014376,0
2024-06-14 00:00:00,0.4207464437687136,0.4207464437687136,0.4207464437687136,0.4207464437687136,391764674.66645646,14932014604.467949,0
2024-06-15 00:00:00,0.41154227146274974,0.41154227146274974,0.41154227146274974,0.41154227146274974,375427495.3556862,14573861793.92679,0
2024-06-16 00:00:00,0.4137189782832436,0.4137189782832436,0.4137189782832436,0.4137189782832436,208305375.63454923,14641709172.755621,0
2024-06-17 00:00:00,0.4161881173900786,0.4161881173900786,0.4161881173900786,0.4161881173900786,171400636.08606562,14729989068.31557,0
2024-06-18 00:00:00,0.4016365041157662,0.4016365041157662,0.4016365041157662,0.4016365041157662,383924976.153721,14208258514.309633,0
2024-06-19 00:00:00,0.3837158471850039,0.3837158471850039,0.3837158471850039,0.3837158471850039,606086895.423496,13566039418.828312,0
2024-06-20 00:00:00,0.3832895500930921,0.3832895500930921,0.3832895500930921,0.3832895500930921,295648732.4882794,13555580935.453827,0
2024-06-21 00:00:00,0.38398094819436795,0.38398094819436795,0.38398094819436795,0.38398094819436795,286211136.5567941,13607989337.043098,0
2024-06-22 00:00:00,0.37591161762785413,0.37591161762785413,0.37591161762785413,0.37591161762785413,274484370.0442534,13323525166.702377,0
2024-06-23 00:00:00,0.38469237535960454,0.38469237535960454,0.38469237535960454,0.38469237535960454,251897682.7431874,13620137484.184381,0
2024-06-24 00:00:00,0.3797214455498969,0.3797214455498969,0.3797214455498969,0.3797214455498969,206760076.76752472,13449292232.860113,0
2024-06-25 00:00:00,0.3777483211044308,0.3777483211044308,0.3777483211044308,0.3777483211044308,393051311.107531,13383511882.39523,0
2024-06-26 00:00:00,0.39188412245777754,0.39188412245777754,0.39188412245777754,0.39188412245777754,265186550.79429603,13880357751.595798,0
2024-06-27 00:00:00,0.38461487094813124,0.38461487094813124,0.38461487094813124,0.38461487094813124,269500878.0900697,13620406236.996235,0
2024-06-28 00:00:00,0.3905384978339942,0.3905384978339942,0.3905384978339942,0.3905384978339942,258776698.8887951,13836133793.711678,0
2024-06-29 00:00:00,0.38517566797940805,0.38517566797940805,0.38517566797940805,0.38517566797940805,295648788.38119304,13643089114.874453,0
2024-06-30 00:00:00,0.3832573764971923,0.3832573764971923,0.3832573764971923,0.3832573764971923,232727937.34346935,13591948873.875372,0
2024-07-01 00:00:00,0.3920398166651658,0.3920398166651658,0.3920398166651658,0.3920398166651658,196743386.11371702,13888718240.596895,0
2024-07-02 00:00:00,0.40275736381144805,0.40275736381144805,0.40275736381144805,0.40275736381144805,257983126.2783347,14254889823.047075,0
2024-07-03 00:00:00,0.4174072422349273,0.4174072422349273,0.4174072422349273,0.4174072422349273,259226764.96151036,14788214926.92888,0
2024-07-04 00:00:00,0.40652983402009474,0.40652983402009474,0.40652983402009474,0.40652983402009474,385253639.2993776,14388819255.478088,0
2024-07-05 00:00:00,0.3631609597452494,0.3631609597452494,0.3631609597452494,0.3631609597452494,502836292.30104107,12918224764.844448,0
2024-07-06 00:00:00,0.34984106917033775,0.34984106917033775,0.34984106917033775,0.34984106917033775,795077527.7025748,12390739992.04125,0
2024-07-07 00:00:00,0.3710080919850898,0.3710080919850898,0.3710080919850898,0.3710080919850898,293872603.77169305,13131781878.678825,0
2024-07-08 00:00:00,0.34591024473133264,0.34591024473133264,0.34591024473133264,0.34591024473133264,254417135.5875623,12239224009.22484,0
2024-07-09 00:00:00,0.3688631610584225,0.3688631610584225,0.3688631610584225,0.3688631610584225,510512677.84423286,13064901482.99768,0
2024-07-10 00:00:00,0.37528127138025436,0.37528127138025436,0.37528127138025436,0.37528127138025436,273879579.8756476,13321646488.869577,0
2024-07-11 00:00:00,0.38891558112552815,0.38891558112552815,0.38891558112552815,0.38891558112552815,256036687.98657498,13793489031.518915,0
2024-07-12 00:00:00,0.39574540458824514,0.39574540458824514,0.39574540458824514,0.39574540458824514,323634001.9382471,14006180738.387863,0
2024-07-13 00:00:00,0.41608542157525613,0.41608542157525613,0.41608542157525613,0.41608542157525613,361088875.796093,14736259473.861801,0
2024-07-14 00:00:00,0.44074866384060085,0.44074866384060085,0.44074866384060085,0.44074866384060085,369887970.38780797,15696671133.198269,0
2024-07-15 00:00:00,0.4326119985772805,0.4326119985772805,0.4326119985772805,0.4326119985772805,357667615.86121535,15389261477.03329,0
2024-07-16 00:00:00,0.44566235835597195,0.44566235835597195,0.44566235835597195,0.44566235835597195,471015709.0998526,15809754095.178661,0
2024-07-17 00:00:00,0.4382210455104808,0.4382210455104808,0.4382210455104808,0.4382210455104808,484115409.8709525,15565014019.097551,0
2024-07-18 00:00:00,0.43682437381711153,0.43682437381711153,0.43682437381711153,0.43682437381711153,403166393.408727,15573835295.588652,0
2024-07-19 00:00:00,0.4239264776922808,0.4239264776922808,0.4239264776922808,0.4239264776922808,352642024.3531141,15084597527.148108,0
2024-07-20 00:00:00,0.4386940603749627,0.4386940603749627,0.4386940603749627,0.4386940603749627,355615695.45065564,15598416802.849026,0
2024-07-21 00:00:00,0.4378613650729356,0.4378613650729356,0.4378613650729356,0.4378613650729356,251448410.79648545,15573864919.582714,0
2024-07-22 00:00:00,0.44643616890440546,0.44643616890440546,0.44643616890440546,0.44643616890440546,347379030.4761174,15885001582.029978,0
2024-07-23 00:00:00,0.4263971956952668,0.4263971956952668,0.4263971956952668,0.4263971956952668,543957075.9436297,15165017148.11053,0
2024-07-24 00:00:00,0.4102841302793787,0.4102841302793787,0.4102841302793787,0.4102841302793787,346413170.33681905,14601252163.998203,0
2024-07-25 00:00:00,0.40667521080338637,0.40667521080338637,0.40667521080338637,0.40667521080338637,369094906.4825945,14467949569.582735,0
2024-07-26 00:00:00,0.39463399442581204,0.39463399442581204,0.39463399442581204,0.39463399442581204,384548480.44072604,14039569115.895811,0
2024-07-27 00:00:00,0.41761108979349737,0.41761108979349737,0.41761108979349737,0.41761108979349737,298119701.4246426,14855787516.437407,0
2024-07-28 00:00:00,0.4185181904594663,0.4185181904594663,0.4185181904594663,0.4185181904594663,517865579.05594456,14892946897.781445,0
2024-07-29 00:00:00,0.40743321280108274,0.40743321280108274,0.40743321280108274,0.40743321280108274,313248714.69747025,14496829995.956667,0
2024-07-30 00:00:00,0.4039064348172,0.4039064348172,0.4039064348172,0.4039064348172,352952671.87449604,14382798538.426497,0
2024-07-31 00:00:00,0.40148420427811593,0.40148420427811593,0.40148420427811593,0.40148420427811593,293289394.70528597,14299794003.35211,0
2024-08-01 00:00:00,0.3887138757692571,0.3887138757692571,0.3887138757692571,0.3887138757692571,295713023.42362773,13828446805.427467,0
2024-08-02 00:00:00,0.3922628731806598,0.3922628731806598,0.3922628731806598,0.3922628731806598,553969159.5183077,13961987161.003765,0
2024-08-03 00:00:00,0.36398217431836266,0.36398217431836266,0.36398217431836266,0.36398217431836266,407657318.12656856,12955584023.436987,0
2024-08-04 00:00:00,0.3640012189746031,0.3640012189746031,0.3640012189746031,0.3640012189746031,336033157.7610945,12954368774.863312,0
2024-08-05 00:00:00,0.34343963988017445,0.34343963988017445,0.34343963988017445,0.34343963988017445,359691333.9153095,12253084853.001572,0
2024-08-06 00:00:00,0.3140857405185116,0.3140857405185116,0.3140857405185116,0.3140857405185116,1272441679.8306057,11179570014.579466,0
2024-08-07 00:00:00,0.3302629115550006,0.3302629115550006,0.3302629115550006,0.3302629115550006,444867355.49960196,11762281480.172415,0
2024-08-08 00:00:00,0.3237841187601061,0.3237841187601061,0.3237841187601061,0.3237841187601061,365055858.14400965,11544158593.403116,0
2024-08-09 00:00:00,0.35200444395630276,0.35200444395630276,0.35200444395630276,0.35200444395630276,351120976.38733447,12507851860.366377,0
2024-08-10 00:00:00,0.3480402106166277,0.3480402106166277,0.3480402106166277,0.3480402106166277,309697848.6650584,12378005423.52955,0
2024-08-11 00:00:00,0.34575255637315994,0.34575255637315994,0.34575255637315994,0.34575255637315994,162207002.4749148,12316694885.45399,0
2024-08-12 00:00:00,0.32813971205626685,0.32813971205626685,0.32813971205626685,0.32813971205626685,227949101.4036833,11685176805.92763,0
2024-08-13 00:00:00,0.3388740535248943,0.3388740535248943,0.3388740535248943,0.3388740535248943,309223630.8630415,12071395381.535625,0
2024-08-14 00:00:00,0.34031679440042234,0.34031679440042234,0.34031679440042234,0.34031679440042234,223898273.02453664,12119309357.283024,0
2024-08-15 00:00:00,0.3352510404441318,0.3352510404441318,0.3352510404441318,0.3352510404441318,227870638.57778534,11934500878.527128,0
2024-08-16 00:00:00,0.3253933423536698,0.3253933423536698,0.3253933423536698,0.3253933423536698,268148926.17174128,11579226025.982082,0
2024-08-17 00:00:00,0.3298667419831867,0.3298667419831867,0.3298667419831867,0.3298667419831867,331289349.7534215,11750073596.099657,0
2024-08-18 00:00:00,0.3367647480219364,0.3367647480219364,0.3367647480219364,0.3367647480219364,169540463.59414276,11990796698.921833,0
2024-08-19 00:00:00,0.3342293557488534,0.3342293557488534,0.3342293557488534,0.3342293557488534,159261325.82919785,11909914292.224203,0
2024-08-20 00:00:00,0.336906427537455,0.336906427537455,0.336906427537455,0.336906427537455,234219776.22340316,11993838867.74028,0
2024-08-21 00:00:00,0.3435596235608906,0.3435596235608906,0.3435596235608906,0.3435596235608906,261802227.59847555,12234407936.072124,0
2024-08-22 00:00:00,0.3690813993917752,0.3690813993917752,0.3690813993917752,0.3690813993917752,395997347.2963677,13152167710.169422,0
2024-08-23 00:00:00,0.3765258215538865,0.3765258215538865,0.3765258215538865,0.3765258215538865,287528421.8762137,13413340885.008656,0
2024-08-24 00:00:00,0.39080329326451874,0.39080329326451874,0.39080329326451874,0.39080329326451874,408438172.8992086,13917257116.016926,0
2024-08-25 00:00:00,0.3945505635201381,0.3945505635201381,0.3945505635201381,0.3945505635201381,297460621.42216885,14045674849.371311,0
2024-08-26 00:00:00,0.3844660979829369,0.3844660979829369,0.3844660979829369,0.3844660979829369,308320232.9521721,13701403869.414286,0
2024-08-27 00:00:00,0.366819648548151,0.366819648548151,0.366819648548151,0.366819648548151,322013043.7825746,13069493395.062948,0
2024-08-28 00:00:00,0.35011939081844257,0.35011939081844257,0.35011939081844257,0.35011939081844257,370100998.6392462,12505568736.644234,0
2024-08-29 00:00:00,0.3501971738999551,0.3501971738999551,0.3501971738999551,0.3501971738999551,392831468.46977276,12488484651.119862,0
2024-08-30 00:00:00,0.35618297763544304,0.35618297763544304,0.35618297763544304,0.35618297763544304,335145503.50835633,12689662542.626476,0
2024-08-31 00:00:00,0.34723713334944367,0.34723713334944367,0.34723713334944367,0.34723713334944367,364909750.37006044,12379403829.20932,0
2024-09-01 00:00:00,0.3451418483757914,0.3451418483757914,0.3451418483757914,0.3451418483757914,163446765.2017391,12301239516.339321,0
2024-09-02 00:00:00,0.33191560964421096,0.33191560964421096,0.33191560964421096,0.33191560964421096,265548797.18146536,11836378327.814726,0
2024-09-03 00:00:00,0.33562351056617523,0.33562351056617523,0.33562351056617523,0.33562351056617523,296005567.0101873,11979506664.544744,0
2024-09-04 00:00:00,0.31877493525930306,0.31877493525930306,0.31877493525930306,0.31877493525930306,291460611.50537854,11382762506.406595,0
2024-09-05 00:00:00,0.3232053098506349,0.3232053098506349,0.3232053098506349,0.3232053098506349,410201920.9205183,11524561001.0452,0
2024-09-06 00:00:00,0.32523419627675226,0.32523419627675226,0.32523419627675226,0.32523419627675226,401669074.6560732,11592992097.483328,0
2024-09-07 00:00:00,0.31474678840666026,0.31474678840666026,0.31474678840666026,0.31474678840666026,422408636.8940346,11223569369.020975,0
2024-09-08 00:00:00,0.32488179592925853,0.32488179592925853,0.32488179592925853,0.32488179592925853,227957270.2965426,11564619809.037928,0
2024-09-09 00:00:00,0.33822776938877436,0.33822776938877436,0.33822776938877436,0.33822776938877436,284180315.13189375,12074400052.638977,0
2024-09-10 00:00:00,0.34341456186619745,0.34341456186619745,0.34341456186619745,0.34341456186619745,343377089.4117435,12245539878.10726,0
2024-09-11 00:00:00,0.3435572966999336,0.3435572966999336,0.3435572966999336,0.3435572966999336,240896664.04285812,12248714039.35388,0
2024-09-12 00:00:00,0.35281579145123115,0.35281579145123115,0.35281579145123115,0.35281579145123115,334967600.80485654,12584242418.302902,0
2024-09-13 00:00:00,0.35620042555429854,0.35620042555429854,0.35620042555429854,0.35620042555429854,320653083.20286196,12700107047.859108,0
2024-09-14 00:00:00,0.3609103971852186,0.3609103971852186,0.3609103971852186,0.3609103971852186,290805965.33786756,12873414272.86381,0
2024-09-15 00:00:00,0.3543867937736658,0.3543867937736658,0.3543867937736658,0.3543867937736658,215623200.22685906,12634644403.81801,0
2024-09-16 00:00:00,0.33876222959128865,0.33876222959128865,0.33876222959128865,0.33876222959128865,251466846.72822452,12074853405.897198,0
2024-09-17 00:00:00,0.33014925564876596,0.33014925564876596,0.33014925564876596,0.33014925564876596,279525542.0590629,11782070977.30643,0
2024-09-18 00:00:00,0.3340166000355435,0.3340166000355435,0.3340166000355435,0.3340166000355435,265379561.2714978,11916494483.213264,0
2024-09-19 00:00:00,0.34247199487952307,0.34247199487952307,0.34247199487952307,0.34247199487952307,310298100.4222331,12207913348.629921,0
2024-09-20 00:00:00,0.35081507887779906,0.35081507887779906,0.35081507887779906,0.35081507887779906,371976962.91106766,12513533677.77613,0
2024-09-21 00:00:00,0.35197166853103945,0.35197166853103945,0.35197166853103945,0.35197166853103945,316864368.6429985,12556336592.734837,0
2024-09-22 00:00:00,0.3586709136742786,0.3586709136742786,0.3586709136742786,0.3586709136742786,210286624.61583868,12808603356.143707,0
2024-09-23 00:00:00,0.35165733867823534,0.35165733867823534,0.35165733867823534,0.35165733867823534,246256247.379342,12551030061.94847,0
2024-09-24 00:00:00,0.36371199186671,0.36371199186671,0.36371199186671,0.36371199186671,329128908.9344899,12974074077.118578,0
2024-09-25 00:00:00,0.3878466270439855,0.3878466270439855,0.3878466270439855,0.3878466270439855,438373822.89042133,13833235828.80774,0
2024-09-26 00:00:00,0.3807283034282415,0.3807283034282415,0.3807283034282415,0.3807283034282415,363386347.30443877,13543411535.969414,0
2024-09-27 00:00:00,0.40177478222264984,0.40177478222264984,0.40177478222264984,0.40177478222264984,437769043.1208818,14328375823.065205,0
2024-09-28 00:00:00,0.4022917151536981,0.4022917151536981,0.4022917151536981,0.4022917151536981,395203089.41805434,14352835345.22958,0
2024-09-29 00:00:00,0.4012393022942459,0.4012393022942459,0.4012393022942459,0.4012393022942459,272918861.6009529,14305918208.527775,0
2024-09-30 00:00:00,0.3974742599990274,0.3974742599990274,0.3974742599990274,0.3974742599990274,244016822.26592344,14188309271.84096,0
2024-10-01 00:00:00,0.37265657826365545,0.37265657826365545,0.37265657826365545,0.37265657826365545,349391516.60278124,13296054897.130487,0
2024-10-02 00:00:00,0.35241561406062927,0.35241561406062927,0.35241561406062927,0.35241561406062927,541081251.7659637,12588413193.12854,0
2024-10-03 00:00:00,0.34377113266904974,0.34377113266904974,0.34377113266904974,0.34377113266904974,426784763.95760715,12270974712.818731,0
2024-10-04 00:00:00,0.3447757449502893,0.3447757449502893,0.3447757449502893,0.3447757449502893,375066204.5116609,12302322132.114895,0
2024-10-05 00:00:00,0.35169217146819426,0.35169217146819426,0.35169217146819426,0.35169217146819426,278288167.05127186,12543974932.79398,0
2024-10-06 00:00:00,0.35085767943930835,0.35085767943930835,0.35085767943930835,0.35085767943930835,186601576.18567607,12520996098.190609,0
2024-10-07 00:00:00,0.35722039594548466,0.35722039594548466,0.35722039594548466,0.35722039594548466,192363432.23444387,12764428581.999443,0
2024-10-08 00:00:00,0.35134274283380784,0.35134274283380784,0.35134274283380784,0.35134274283380784,325165438.4848151,12564701546.296803,0
2024-10-09 00:00:00,0.3446503186237537,0.3446503186237537,0.3446503186237537,0.3446503186237537,279076786.92096597,12312847623.786222,0
2024-10-10 00:00:00,0.3397857069963388,0.3397857069963388,0.3397857069963388,0.3397857069963388,293734918.3103856,12131196678.289976,0
2024-10-11 00:00:00,0.33856687446150163,0.33856687446150163,0.33856687446150163,0.33856687446150163,242902644.31599545,12077698174.047966,0
2024-10-12 00:00:00,0.3511153738504752,0.3511153738504752,0.3511153738504752,0.3511153738504752,241728188.27564937,12540753800.073837,0
2024-10-13 00:00:00,0.35324078265088743,0.35324078265088743,0.35324078265088743,0.35324078265088743,190575001.33778286,12611074103.193417,0
2024-10-14 00:00:00,0.3478700854188225,0.3478700854188225,0.3478700854188225,0.3478700854188225,228691731.28123942,12419109021.91589,0
2024-10-15 00:00:00,0.36343770186385754,0.36343770186385754,0.36343770186385754,0.36343770186385754,371044074.39071107,12983133494.08745,0
2024-10-16 00:00:00,0.3580945584980384,0.3580945584980384,0.3580945584980384,0.3580945584980384,507364293.6551608,12791403176.443624,0
2024-10-17 00:00:00,0.35256480435377513,0.35256480435377513,0.35256480435377513,0.35256480435377513,332305648.9161826,12594795004.129683,0
2024-10-18 00:00:00,0.34317221165027856,0.34317221165027856,0.34317221165027856,0.34317221165027856,351907156.1227408,12254765327.146393,0
2024-10-19 00:00:00,0.3507284212527294,0.3507284212527294,0.3507284212527294,0.3507284212527294,268208657.9185624,12530428878.499825,0
2024-10-20 00:00:00,0.3516050685811563,0.3516050685811563,0.3516050685811563,0.3516050685811563,220371774.74586606,12560622562.93806,0
2024-10-21 00:00:00,0.3646357419916626,0.3646357419916626,0.3646357419916626,0.3646357419916626,248872926.31750047,13015846452.115461,0
2024-10-22 00:00:00,0.36108324317619894,0.36108324317619894,0.36108324317619894,0.36108324317619894,369418680.26695573,12901296472.62284,0
2024-10-23 00:00:00,0.36386104768754113,0.36386104768754113,0.36386104768754113,0.36386104768754113,377482287.85597116,13003514917.235018,0
2024-10-24 00:00:00,0.3500239674614593,0.3500239674614593,0.3500239674614593,0.3500239674614593,375412261.155899,12501496240.084642,0
2024-10-25 00:00:00,0.3464665242376237,0.3464665242376237,0.3464665242376237,0.3464665242376237,366345461.99209297,12369397579.764545,0
2024-10-26 00:00:00,0.32397272855370024,0.32397272855370024,0.32397272855370024,0.32397272855370024,545468841.6908028,11546253244.993061,0
2024-10-27 00:00:00,0.3330659842420291,0.3330659842420291,0.3330659842420291,0.3330659842420291,318987630.27263165,11904688906.03608,0
2024-10-28 00:00:00,0.3395498778354121,0.3395498778354121,0.3395498778354121,0.3395498778354121,206151897.35599738,12135503702.908104,0
2024-10-29 00:00:00,0.3437722573994608,0.3437722573994608,0.3437722573994608,0.3437722573994608,340339901.5348519,12303351364.924597,0
2024-10-30 00:00:00,0.35583784576503735,0.35583784576503735,0.35583784576503735,0.35583784576503735,399625481.43826395,12711428884.851593,0
2024-10-31 00:00:00,0.35494243479619253,0.35494243479619253,0.35494243479619253,0.35494243479619253,378785879.7797121,12693763136.654657,0
2024-11-01 00:00:00,0.34160209824236715,0.34160209824236715,0.34160209824236715,0.34160209824236715,343987966.406424,12215759175.79545,0
2024-11-02 00:00:00,0.3570443323953907,0.3570443323953907,0.3570443323953907,0.3570443323953907,471854642.81477237,12755324056.009933,0
2024-11-03 00:00:00,0.34761902771436987,0.34761902771436987,0.34761902771436987,0.34761902771436987,309349316.6693163,12424329802.817984,0
2024-11-04 00:00:00,0.3345206264479513,0.3345206264479513,0.3345206264479513,0.3345206264479513,360925330.5066394,11967648988.334745,0
2024-11-05 00:00:00,0.32579471071394894,0.32579471071394894,0.32579471071394894,0.32579471071394894,345035678.68431234,11647024842.885141,0
2024-11-06 00:00:00,0.3333004385484233,0.3333004385484233,0.3333004385484233,0.3333004385484233,320831265.94092965,11924108418.176392,0
2024-11-07 00:00:00,0.3630158448380859,0.3630158448380859,0.3630158448380859,0.3630158448380859,749375355.5058366,12981104807.626707,0
2024-11-08 00:00:00,0.4037781986603935,0.4037781986603935,0.4037781986603935,0.4037781986603935,813637353.0596781,14391246812.635403,0
2024-11-09 00:00:00,0.44389542340282534,0.44389542340282534,0.44389542340282534,0.44389542340282534,1910279431.328009,15879786762.745052,0
2024-11-10 00:00:00,0.4873424195485118,0.4873424195485118,0.4873424195485118,0.4873424195485118,897587308.9383248,17405034989.691643,0
2024-11-11 00:00:00,0.588734921251616,0.588734921251616,0.588734921251616,0.588734921251616,6527580317.057181,21024854839.87751,0
2024-11-12 00:00:00,0.6145826096845928,0.6145826096845928,0.6145826096845928,0.6145826096845928,3280194971.0969224,21992679939.444138,0
2024-11-13 00:00:00,0.5761116796720354,0.5761116796720354,0.5761116796720354,0.5761116796720354,3181386248.1459627,20611561493.029778,0
2024-11-14 00:00:00,0.5789579396018733,0.5789579396018733,0.5789579396018733,0.5789579396018733,2644830608.2299004,20707050864.589024,0
2024-11-15 00:00:00,0.5802320574359904,0.5802320574359904,0.5802320574359904,0.5802320574359904,1729922211.7017794,20620858872.466827,0
2024-11-16 00:00:00,0.6970201474228283,0.6970201474228283,0.6970201474228283,0.6970201474228283,4090910068.046969,24860880015.725594,0
2024-11-17 00:00:00,0.7369580120453421,0.7369580120453421,0.7369580120453421,0.7369580120453421,6267538737.650395,26346062209.769974,0
2024-11-18 00:00:00,0.7021515183224912,0.7021515183224912,0.7021515183224912,0.7021515183224912,2501615517.051095,25133152050.988632,0
2024-11-19 00:00:00,0.7363518168371328,0.7363518168371328,0.7363518168371328,0.7363518168371328,2548582801.654668,26342845055.7922,0
2024-11-20 00:00:00,0.7389024704178786,0.7389024704178786,0.7389024704178786,0.7389024704178786,1635269471.5485222,26431575432.630917,0
2024-11-21 00:00:00,0.803001084841874,0.803001084841874,0.803001084841874,0.803001084841874,4230382202.154202,28772128081.481377,0
2024-11-22 00:00:00,0.8181660122757234,0.8181660122757234,0.8181660122757234,0.8181660122757234,2791303410.437808,29263235932.69351,0
2024-11-23 00:00:00,1.0044164266560962,1.0044164266560962,1.0044164266560962,1.0044164266560962,6892507799.22072,35938316596.75111,0
2024-11-24 00:00:00,1.0632099880614343,1.0632099880614343,1.0632099880614343,1.0632099880614343,7258065363.156293,37995867804.11106,0
2024-11-25 00:00:00,1.0259059332257112,1.0259059332257112,1.0259059332257112,1.0259059332257112,4065963806.818005,36730492655.154526,0
2024-11-26 00:00:00,0.9463027550485847,0.9463027550485847,0.9463027550485847,0.9463027550485847,3673630635.8309784,33855152913.243694,0
2024-11-27 00:00:00,0.9587323562869567,0.9587323562869567,0.9587323562869567,0.9587323562869567,2825247053.1150365,34323258762.167927,0
2024-11-28 00:00:00,1.013312717708717,1.013312717708717,1.013312717708717,1.013312717708717,2963844108.950685,36252927449.637505,0
2024-11-29 00:00:00,1.032402701868787,1.032402701868787,1.032402701868787,1.032402701868787,1748421855.8847175,36943407363.53188,0
2024-11-30 00:00:00,1.0795804194768817,1.0795804194768817,1.0795804194768817,1.0795804194768817,2546200789.234483,38639286783.73906,0
2024-12-01 00:00:00,1.079440192925627,1.079440192925627,1.079440192925627,1.079440192925627,2235486757.4695177,38662755540.67341,0
2024-12-02 00:00:00,1.147892256369758,1.147892256369758,1.147892256369758,1.147892256369758,2617149103.843603,41005304249.43712,0
2024-12-03 00:00:00,1.1995479309146082,1.1995479309146082,1.1995479309146082,1.1995479309146082,5868579244.534972,42929048816.169815,0
2024-12-04 00:00:00,1.201004029612371,1.201004029612371,1.201004029612371,1.201004029612371,5490023453.359384,42969786460.67669,0
2024-12-05 00:00:00,1.1842450413974923,1.1842450413974923,1.1842450413974923,1.1842450413974923,3185937360.6157274,42349997240.399826,0
2024-12-06 00:00:00,1.166279100460039,1.166279100460039,1.166279100460039,1.166279100460039,3576835053.2920136,41761272812.61363,0
2024-12-07 00:00:00,1.2330018039218942,1.2330018039218942,1.2330018039218942,1.2330018039218942,2349556943.0838575,44189030694.178734,0
2024-12-08 00:00:00,1.2144434934843331,1.2144434934843331,1.2144434934843331,1.2144434934843331,1576905611.3322842,43485669123.33586,0
2024-12-09 00:00:00,1.197963535910322,1.197963535910322,1.197963535910322,1.197963535910322,1847543253.3471847,42885476562.37067,0
2024-12-10 00:00:00,1.0077086490874125,1.0077086490874125,1.0077086490874125,1.0077086490874125,3803654545.310235,35975470613.31738,0
2024-12-11 00:00:00,1.0166147999655448,1.0166147999655448,1.0166147999655448,1.0166147999655448,3773323186.6575675,36406284690.12914,0
2024-12-12 00:00:00,1.08793220795952,1.08793220795952,1.08793220795952,1.08793220795952,2481141444.010295,38964602897.82832,0
2024-12-13 00:00:00,1.123131450089082,1.123131450089082,1.123131450089082,1.123131450089082,2483873378.592398,40206128332.3021,0
2024-12-14 00:00:00,1.1167297609853515,1.1167297609853515,1.1167297609853515,1.1167297609853515,1480554949.0517018,39991134369.1031,0
2024-12-15 00:00:00,1.0601034433845538,1.0601034433845538,1.0601034433845538,1.0601034433845538,1210677610.7550113,37963590469.38818,0
2024-12-16 00:00:00,1.1059376495294093,1.1059376495294093,1.1059376495294093,1.1059376495294093,1088430664.0015788,39691680715.70685,0
2024-12-17 00:00:00,1.0805022755134979,1.0805022755134979,1.0805022755134979,1.0805022755134979,1725755863.7953467,38745135408.73237,0
2024-12-18 00:00:00,1.049451939411299,1.049451939411299,1.049451939411299,1.049451939411299,1578222620.7391448,37602480013.476326,0
2024-12-19 00:00:00,0.9689917114818106,0.9689917114818106,0.9689917114818106,0.9689917114818106,2116818094.5756152,34737600112.46145,0
2024-12-20 00:00:00,0.8856294008673282,0.8856294008673282,0.8856294008673282,0.8856294008673282,2484376764.6355844,31782678364.00243,0
2024-12-21 00:00:00,0.95061505400963,0.95061505400963,0.95061505400963,0.95061505400963,2967142400.5806985,34009403993.442554,0
2024-12-22 00:00:00,0.9046599113089583,0.9046599113089583,0.9046599113089583,0.9046599113089583,1619520801.5214942,32347333228.842308,0
2024-12-23 00:00:00,0.8827956119261179,0.8827956119261179,0.8827956119261179,0.8827956119261179,1251460951.2097306,31642202715.503292,0
2024-12-24 00:00:00,0.9228752612988013,0.9228752612988013,0.9228752612988013,0.9228752612988013,1373635719.5136724,33052194008.211617,0
2024-12-25 00:00:00,0.9368563828179975,0.9368563828179975,0.9368563828179975,0.9368563828179975,1049748351.4339589,33537004610.047367,0
2024-12-26 00:00:00,0.9167515411841919,0.9167515411841919,0.9167515411841919,0.9167515411841919,695113060.3027651,32863705684.99487,0
2024-12-27 00:00:00,0.8593419351414681,0.8593419351414681,0.8593419351414681,0.8593419351414681,860400720.7111105,30811560138.83137,0
2024-12-28 00:00:00,0.8741699171287979,0.8741699171287979,0.8741699171287979,0.8741699171287979,949972681.1647332,31327645362.07626,0
2024-12-29 00:00:00,0.8875851081613702,0.8875851081613702,0.8875851081613702,0.8875851081613702,588899480.7586905,31824025510.76384,0
2024-12-30 00:00:00,0.8591433475186276,0.8591433475186276,0.8591433475186276,0.8591433475186276,705652916.2069426,30776366650.470432,0
2024-12-31 00:00:00,0.8591305888515354,0.8591305888515354,0.8591305888515354,0.8591305888515354,1026988638.0611954,30753991424.009167,0
2025-01-01 00:00:00,0.8442610184323533,0.8442610184323533,0.8442610184323533,0.8442610184323533,759319278.391332,30266612410.917095,0
2025-01-02 00:00:00,0.9147583319262166,0.9147583319262166,0.9147583319262166,0.9147583319262166,995785773.081401,32744580750.79023,0
2025-01-03 00:00:00,0.9618480973351441,0.9618480973351441,0.9618480973351441,0.9618480973351441,1274967600.399281,34480834161.062225,0
2025-01-04 00:00:00,1.0904865469624805,1.0904865469624805,1.0904865469624805,1.0904865469624805,2671600901.30405,39147825603.58425,0
2025-01-05 00:00:00,1.0719205077612817,1.0719205077612817,1.0719205077612817,1.0719205077612817,1280366764.8039057,38453818208.48556,0
2025-01-06 00:00:00,1.0939767111827936,1.0939767111827936,1.0939767111827936,1.0939767111827936,1363420254.9543183,39231354061.090355,0
2025-01-07 00:00:00,1.0941475413501178,1.0941475413501178,1.0941475413501178,1.0941475413501178,1364197241.7503395,39227241393.95025,0
2025-01-08 00:00:00,0.9933347400068778,0.9933347400068778,0.9933347400068778,0.9933347400068778,2194412773.8246,35617993237.24092,0
2025-01-09 00:00:00,0.9478995284282535,0.9478995284282535,0.9478995284282535,0.9478995284282535,1952408426.0212688,34053934094.325855,0
2025-01-10 00:00:00,0.9060582113414768,0.9060582113414768,0.9060582113414768,0.9060582113414768,1342595372.3981748,32538675410.18652,0
2025-01-11 00:00:00,0.9316713148155308,0.9316713148155308,0.9316713148155308,0.9316713148155308,1236328893.3650613,33427260810.72387,0
2025-01-12 00:00:00,0.996136878939902,0.996136878939902,0.996136878939902,0.996136878939902,953404924.5156404,35743211320.13196,0
2025-01-13 00:00:00,0.969186964876666,0.969186964876666,0.969186964876666,0.969186964876666,1089023652.0670302,34751403885.28644,0
2025-01-14 00:00:00,0.9450610027794694,0.9450610027794694,0.9450610027794694,0.9450610027794694,1540261745.4274852,33892220057.310505,0
2025-01-15 00:00:00,0.9944214498919838,0.9944214498919838,0.9944214498919838,0.9944214498919838,1126688332.0067604,35662574859.58581,0
2025-01-16 00:00:00,1.084480992215901,1.084480992215901,1.084480992215901,1.084480992215901,2204538167.7741003,38923764152.820564,0
2025-01-17 00:00:00,1.0906700675315832,1.0906700675315832,1.0906700675315832,1.0906700675315832,2056463725.0214527,39112613364.03422,0
2025-01-18 00:00:00,1.1369537229272808,1.1369537229272808,1.1369537229272808,1.1369537229272808,1822084268.4989784,40804520589.32463,0
2025-01-19 00:00:00,1.1009310555353091,1.1009310555353091,1.1009310555353091,1.1009310555353091,1488331235.013274,39484505228.01884,0
2025-01-20 00:00:00,0.9917829386728937,0.9917829386728937,0.9917829386728937,0.9917829386728937,2803616184.038354,35741621714.614426,0
2025-01-21 00:00:00,1.0068201561876229,1.0068201561876229,1.0068201561876229,1.0068201561876229,2690733265.7307215,36108627003.68527,0
2025-01-22 00:00:00,1.0046310219001418,1.0046310219001418,1.0046310219001418,1.0046310219001418,1696335264.1544523,36008517693.525055,0
2025-01-23 00:00:00,0.9802503420918104,0.9802503420918104,0.9802503420918104,0.9802503420918104,969709594.2925464,35175703118.009155,0
2025-01-24 00:00:00,0.9880340956541441,0.9880340956541441,0.9880340956541441,0.9880340956541441,1201302650.1758041,35453833332.322586,0
2025-01-25 00:00:00,0.9715690918885032,0.9715690918885032,0.9715690918885032,0.9715690918885032,882394098.0963601,34822616805.342,0
2025-01-26 00:00:00,0.9775990304899743,0.9775990304899743,0.9775990304899743,0.9775990304899743,516244144.91543305,35108848393.8826,0
2025-01-27 00:00:00,0.9541780430020652,0.9541780430020652,0.9541780430020652,0.9541780430020652,512626380.0972311,34268966278.076263,0
2025-01-28 00:00:00,0.9331646231189152,0.9331646231189152,0.9331646231189152,0.9331646231189152,1403786414.4657733,33488600391.781376,0
2025-01-29 00:00:00,0.9162358892529787,0.9162358892529787,0.9162358892529787,0.9162358892529787,757826711.7739474,32866622865.563606,0
2025-01-30 00:00:00,0.9416326058959792,0.9416326058959792,0.9416326058959792,0.9416326058959792,823633204.3938981,33847728508.876877,0
2025-01-31 00:00:00,0.9609684445044405,0.9609684445044405,0.9609684445044405,0.9609684445044405,627908707.9566039,34498529795.72678,0
2025-02-01 00:00:00,0.9425307818897108,0.9425307818897108,0.9425307818897108,0.9425307818897108,689867624.8457649,33831177451.99314,0
2025-02-02 00:00:00,0.8982630053120425,0.8982630053120425,0.8982630053120425,0.8982630053120425,560834002.3078455,32282111416.230274,0
2025-02-03 00:00:00,0.7981056815290045,0.7981056815290045,0.7981056815290045,0.7981056815290045,1557168341.9223769,28509781209.636086,0
2025-02-04 00:00:00,0.8095252800415622,0.8095252800415622,0.8095252800415622,0.8095252800415622,4656842166.005161,29064020846.772465,0
2025-02-05 00:00:00,0.7469703594022901,0.7469703594022901,0.7469703594022901,0.7469703594022901,1559657813.9470115,26783921617.714703,0
2025-02-06 00:00:00,0.7332663432877611,0.7332663432877611,0.7332663432877611,0.7332663432877611,819973385.3931305,26322682307.40791,0
2025-02-07 00:00:00,0.7039815460494513,0.7039815460494513,0.7039815460494513,0.7039815460494513,827082260.6220323,25206944915.247795,0
2025-02-08 00:00:00,0.7068603366492864,0.7068603366492864,0.7068603366492864,0.7068603366492864,886632725.1011336,25337871264.321705,0
2025-02-09 00:00:00,0.7021784786978031,0.7021784786978031,0.7021784786978031,0.7021784786978031,543524434.6478864,25218641928.38805,0
2025-02-10 00:00:00,0.6829085131547858,0.6829085131547858,0.6829085131547858,0.6829085131547858,668955885.3942552,24513353771.6781,0
2025-02-11 00:00:00,0.7092884772777551,0.7092884772777551,0.7092884772777551,0.7092884772777551,738581245.7484099,25464206476.94957,0
2025-02-12 00:00:00,0.7798744439436354,0.7798744439436354,0.7798744439436354,0.7798744439436354,1756852350.9792051,28010657344.561317,0
2025-02-13 00:00:00,0.7979754265851546,0.7979754265851546,0.7979754265851546,0.7979754265851546,1221550295.0491712,28633691211.721535,0
2025-02-14 00:00:00,0.8102560488773543,0.8102560488773543,0.8102560488773543,0.8102560488773543,820914030.7597127,29106844488.176685,0
2025-02-15 00:00:00,0.800915838420313,0.800915838420313,0.800915838420313,0.800915838420313,757456263.8820649,28746321360.080658,0
2025-02-16 00:00:00,0.7814783063035197,0.7814783063035197,0.7814783063035197,0.7814783063035197,483682696.9894568,28066250054.163837,0
2025-02-17 00:00:00,0.7713503011207024,0.7713503011207024,0.7713503011207024,0.7713503011207024,448632802.4718909,27700824921.361584,0
2025-02-18 00:00:00,0.8072872842141813,0.8072872842141813,0.8072872842141813,0.8072872842141813,1010963440.4130156,28992928634.454105,0
2025-02-19 00:00:00,0.7534573390949694,0.7534573390949694,0.7534573390949694,0.7534573390949694,883986850.5318347,27071231776.918564,0
2025-02-20 00:00:00,0.7720538356854337,0.7720538356854337,0.7720538356854337,0.7720538356854337,684519606.5840904,27737590088.5846,0
2025-02-21 00:00:00,0.8048194414479836,0.8048194414479836,0.8048194414479836,0.8048194414479836,675952428.9428601,28905459004.53705,0
2025-02-22 00:00:00,0.7616380207672204,0.7616380207672204,0.7616380207672204,0.7616380207672204,864866893.813699,27373879907.036762,0
2025-02-23 00:00:00,0.7742502077307336,0.7742502077307336,0.7742502077307336,0.7742502077307336,516332439.34476835,27839353694.895298,0
2025-02-24 00:00:00,0.7709438007684473,0.7709438007684473,0.7709438007684473,0.7709438007684473,479984499.41313046,27687540750.88118,0
2025-02-24 03:31:28,0.7465604981759046,0.7465604981759046,0.7465604981759046,0.7465604981759046,520199982.7067036,26835126003.78907,0
