timestamp,ethereum_open,ethereum_high,ethereum_low,ethereum_close,ethereum_volume,ethereum_market_cap,ethereum_trade_count
2024-02-26 00:00:00,3113.4082982877167,3113.4082982877167,3113.4082982877167,3113.4082982877167,15776617346.687586,374096903874.8583,0
2024-02-27 00:00:00,3173.62994683714,3173.62994683714,3173.62994683714,3173.62994683714,20165329047.545662,381265474877.3842,0
2024-02-28 00:00:00,3242.0476538223666,3242.0476538223666,3242.0476538223666,3242.0476538223666,23696521431.113922,389432101336.1533,0
2024-02-29 00:00:00,3380.8039555421246,3380.8039555421246,3380.8039555421246,3380.8039555421246,36665804472.19711,404949329424.75433,0
2024-03-01 00:00:00,3347.6904724233455,3347.6904724233455,3347.6904724233455,3347.6904724233455,31202875938.140316,403025040377.09424,0
2024-03-02 00:00:00,3431.75199772032,3431.75199772032,3431.75199772032,3431.75199772032,18691101659.270218,413003335539.6049,0
2024-03-03 00:00:00,3421.89214692414,3421.89214692414,3421.89214692414,3421.89214692414,13440796396.989847,411127183431.9037,0
2024-03-04 00:00:00,3487.190931866777,3487.190931866777,3487.190931866777,3487.190931866777,15521857774.32606,418233465071.6696,0
2024-03-05 00:00:00,3634.311067557102,3634.311067557102,3634.311067557102,3634.311067557102,30343202732.344658,436264151585.7691,0
2024-03-06 00:00:00,3581.5348849085663,3581.5348849085663,3581.5348849085663,3581.5348849085663,48669816283.38956,430091528234.3316,0
2024-03-07 00:00:00,3822.365818156151,3822.365818156151,3822.365818156151,3822.365818156151,39700333919.056915,458288266056.32635,0
2024-03-08 00:00:00,3861.9009990137733,3861.9009990137733,3861.9009990137733,3861.9009990137733,25205795146.622765,464203366204.0903,0
2024-03-09 00:00:00,3893.6138841967036,3893.6138841967036,3893.6138841967036,3893.6138841967036,27874421858.85126,467263068859.23145,0
2024-03-10 00:00:00,3916.041187699099,3916.041187699099,3916.041187699099,3916.041187699099,12069974984.534363,470299637817.79364,0
2024-03-11 00:00:00,3887.473104733291,3887.473104733291,3887.473104733291,3887.473104733291,17287014475.12306,466687383451.4314,0
2024-03-12 00:00:00,4070.6040749869985,4070.6040749869985,4070.6040749869985,4070.6040749869985,32017734619.898235,488931556413.2426,0
2024-03-13 00:00:00,3978.685771378112,3978.685771378112,3978.685771378112,3978.685771378112,29816123516.352203,477282030875.49994,0
2024-03-14 00:00:00,4007.9121260756656,4007.9121260756656,4007.9121260756656,4007.9121260756656,24518272534.97694,480989408310.4244,0
2024-03-15 00:00:00,3879.038366642958,3879.038366642958,3879.038366642958,3879.038366642958,27637220056.20402,465517630856.3542,0
2024-03-16 00:00:00,3738.381184462065,3738.381184462065,3738.381184462065,3738.381184462065,38514576896.82427,449221029692.6131,0
2024-03-17 00:00:00,3514.222472178163,3514.222472178163,3514.222472178163,3514.222472178163,20314832749.48201,422006707853.2583,0
2024-03-18 00:00:00,3643.280347379834,3643.280347379834,3643.280347379834,3643.280347379834,22282396647.176846,437397993876.3647,0
2024-03-19 00:00:00,3525.8936406700236,3525.8936406700236,3525.8936406700236,3525.8936406700236,24255010456.17668,423582810891.4091,0
2024-03-20 00:00:00,3171.293836639821,3171.293836639821,3171.293836639821,3171.293836639821,37133280150.8351,381561860658.1416,0
2024-03-21 00:00:00,3515.6884318548646,3515.6884318548646,3515.6884318548646,3515.6884318548646,42295137774.34776,422699933046.073,0
2024-03-22 00:00:00,3493.4304387798707,3493.4304387798707,3493.4304387798707,3493.4304387798707,24617005638.07842,419250201097.8779,0
2024-03-23 00:00:00,3322.891277320318,3322.891277320318,3322.891277320318,3322.891277320318,22143063329.60288,398004903397.5174,0
2024-03-24 00:00:00,3353.371241538487,3353.371241538487,3353.371241538487,3353.371241538487,13554704159.635406,402787267255.35004,0
2024-03-25 00:00:00,3454.257071389558,3454.257071389558,3454.257071389558,3454.257071389558,12747604656.722906,415227254119.21,0
2024-03-26 00:00:00,3588.493402189288,3588.493402189288,3588.493402189288,3588.493402189288,19900586068.611336,429834400084.37524,0
2024-03-27 00:00:00,3591.5485279028403,3591.5485279028403,3591.5485279028403,3591.5485279028403,20094722140.101074,430639202176.35944,0
2024-03-28 00:00:00,3505.2181161826984,3505.2181161826984,3505.2181161826984,3505.2181161826984,20203376602.227142,419542828392.99164,0
2024-03-29 00:00:00,3560.26151146781,3560.26151146781,3560.26151146781,3560.26151146781,17254415551.733036,427723174069.21906,0
2024-03-30 00:00:00,3516.096057627979,3516.096057627979,3516.096057627979,3516.096057627979,13632549894.688292,422181197071.7956,0
2024-03-31 00:00:00,3507.6606559474685,3507.6606559474685,3507.6606559474685,3507.6606559474685,10414010868.767834,420903294887.95514,0
2024-04-01 00:00:00,3644.767598784896,3644.767598784896,3644.767598784896,3644.767598784896,10412761139.068478,437709753307.89496,0
2024-04-02 00:00:00,3508.2477201085417,3508.2477201085417,3508.2477201085417,3508.2477201085417,17482844811.257694,421860021837.67065,0
2024-04-03 00:00:00,3274.901203544406,3274.901203544406,3274.901203544406,3274.901203544406,23868370966.893692,393781420276.9656,0
2024-04-04 00:00:00,3316.6829546775257,3316.6829546775257,3316.6829546775257,3316.6829546775257,16747190219.448904,398415781571.0026,0
2024-04-05 00:00:00,3332.089836615912,3332.089836615912,3332.089836615912,3332.089836615912,14937774084.622332,399925086690.5432,0
2024-04-06 00:00:00,3320.2815889834437,3320.2815889834437,3320.2815889834437,3320.2815889834437,16263669860.819765,399471237820.5192,0
2024-04-07 00:00:00,3362.838907503287,3362.838907503287,3362.838907503287,3362.838907503287,8771021395.59551,403433979836.3418,0
2024-04-08 00:00:00,3453.4361261792887,3453.4361261792887,3453.4361261792887,3453.4361261792887,9023927898.393978,414896585077.9774,0
2024-04-09 00:00:00,3695.239391141908,3695.239391141908,3695.239391141908,3695.239391141908,17999535003.639297,443574943819.1214,0
2024-04-10 00:00:00,3503.6535996841044,3503.6535996841044,3503.6535996841044,3503.6535996841044,18894649449.12416,421250062703.58765,0
2024-04-11 00:00:00,3539.7630640649413,3539.7630640649413,3539.7630640649413,3539.7630640649413,18116500905.294914,425100745638.6984,0
2024-04-12 00:00:00,3508.5784984486436,3508.5784984486436,3508.5784984486436,3508.5784984486436,14665003517.99341,421184318805.19366,0
2024-04-13 00:00:00,3245.5005926983195,3245.5005926983195,3245.5005926983195,3245.5005926983195,20300936214.359665,389342347417.11646,0
2024-04-14 00:00:00,3022.0057852476043,3022.0057852476043,3022.0057852476043,3022.0057852476043,30855880984.660038,363676686678.5162,0
2024-04-15 00:00:00,3157.683765827796,3157.683765827796,3157.683765827796,3157.683765827796,26426482425.143723,379419782687.94165,0
2024-04-16 00:00:00,3101.190735674771,3101.190735674771,3101.190735674771,3101.190735674771,23408068977.225063,372249695864.17804,0
2024-04-17 00:00:00,3083.7060147660673,3083.7060147660673,3083.7060147660673,3083.7060147660673,19716139064.53935,370234131392.0656,0
2024-04-18 00:00:00,2982.6157347097997,2982.6157347097997,2982.6157347097997,2982.6157347097997,18555883608.901867,358157898515.81726,0
2024-04-19 00:00:00,3064.9115922294277,3064.9115922294277,3064.9115922294277,3064.9115922294277,15776619346.387112,368394773234.49,0
2024-04-20 00:00:00,3065.682561565907,3065.682561565907,3065.682561565907,3065.682561565907,21398170387.2802,368924952677.7875,0
2024-04-21 00:00:00,3152.1915066519473,3152.1915066519473,3152.1915066519473,3152.1915066519473,9245604715.543312,378601475454.5042,0
2024-04-22 00:00:00,3147.13775429932,3147.13775429932,3147.13775429932,3147.13775429932,9264213264.253492,377835271557.1954,0
2024-04-23 00:00:00,3199.769589894069,3199.769589894069,3199.769589894069,3199.769589894069,12101339610.34102,384466906716.16833,0
2024-04-24 00:00:00,3218.9672686428075,3218.9672686428075,3218.9672686428075,3218.9672686428075,11111254140.889095,392775107740.5133,0
2024-04-25 00:00:00,3138.814357009402,3138.814357009402,3138.814357009402,3138.814357009402,14931662515.529316,383068563917.3423,0
2024-04-26 00:00:00,3157.6193174815944,3157.6193174815944,3157.6193174815944,3157.6193174815944,14827151368.90256,385360500023.0152,0
2024-04-27 00:00:00,3131.4192197400516,3131.4192197400516,3131.4192197400516,3131.4192197400516,11150981612.611172,381832436730.7926,0
2024-04-28 00:00:00,3259.2522227654413,3259.2522227654413,3259.2522227654413,3259.2522227654413,12739849720.355131,397162781507.14,0
2024-04-29 00:00:00,3259.503404256033,3259.503404256033,3259.503404256033,3259.503404256033,10786187404.455635,398637824441.876,0
2024-04-30 00:00:00,3213.6890004948136,3213.6890004948136,3213.6890004948136,3213.6890004948136,15480798749.513744,392350038771.61163,0
2024-05-01 00:00:00,3018.549635877818,3018.549635877818,3018.549635877818,3018.549635877818,19251155949.751816,368786372970.94403,0
2024-05-02 00:00:00,2976.0902075157046,2976.0902075157046,2976.0902075157046,2976.0902075157046,22064350438.409042,364276973974.7534,0
2024-05-03 00:00:00,2988.5486490452654,2988.5486490452654,2988.5486490452654,2988.5486490452654,14175880226.413488,358796765165.93835,0
2024-05-04 00:00:00,3102.1512923656555,3102.1512923656555,3102.1512923656555,3102.1512923656555,13929437694.673725,373187731785.70636,0
2024-05-05 00:00:00,3115.0233215730136,3115.0233215730136,3115.0233215730136,3115.0233215730136,8430889402.258022,374188248701.176,0
2024-05-06 00:00:00,3136.57511039041,3136.57511039041,3136.57511039041,3136.57511039041,8027546635.921553,376477227799.9195,0
2024-05-07 00:00:00,3064.5913995603364,3064.5913995603364,3064.5913995603364,3064.5913995603364,13196102657.36935,368312963227.33984,0
2024-05-08 00:00:00,3015.1597696166846,3015.1597696166846,3015.1597696166846,3015.1597696166846,11727252097.462042,362686607634.315,0
2024-05-09 00:00:00,2975.72696606529,2975.72696606529,2975.72696606529,2975.72696606529,10555086522.407984,357038251698.12964,0
2024-05-10 00:00:00,3038.3447046668207,3038.3447046668207,3038.3447046668207,3038.3447046668207,10961137747.243969,364426702625.02203,0
2024-05-11 00:00:00,2910.684500017475,2910.684500017475,2910.684500017475,2910.684500017475,12185177562.18238,349622946794.7746,0
2024-05-12 00:00:00,2908.9827849031903,2908.9827849031903,2908.9827849031903,2908.9827849031903,6479337783.261837,349391330491.6799,0
2024-05-13 00:00:00,2931.3106669139133,2931.3106669139133,2931.3106669139133,2931.3106669139133,5237992152.442184,352120009302.884,0
2024-05-14 00:00:00,2948.3034552659406,2948.3034552659406,2948.3034552659406,2948.3034552659406,13930280821.074911,354155572145.7024,0
2024-05-15 00:00:00,2881.7959916152945,2881.7959916152945,2881.7959916152945,2881.7959916152945,11258734172.441973,346305956691.41315,0
2024-05-16 00:00:00,3035.758955126304,3035.758955126304,3035.758955126304,3035.758955126304,13809709402.13564,365225903815.16327,0
2024-05-17 00:00:00,2943.5851283842208,2943.5851283842208,2943.5851283842208,2943.5851283842208,11039599517.596857,353501038738.847,0
2024-05-18 00:00:00,3095.9968442929658,3095.9968442929658,3095.9968442929658,3095.9968442929658,13846325669.567377,371220670629.6318,0
2024-05-19 00:00:00,3120.5493782541066,3120.5493782541066,3120.5493782541066,3120.5493782541066,8357435200.282594,375206332441.6955,0
2024-05-20 00:00:00,3071.324418093757,3071.324418093757,3071.324418093757,3071.324418093757,6983633593.912785,368598090418.054,0
2024-05-21 00:00:00,3656.390090299324,3656.390090299324,3656.390090299324,3656.390090299324,27159496889.816044,439830728213.1206,0
2024-05-22 00:00:00,3792.486220211773,3792.486220211773,3792.486220211773,3792.486220211773,37370060267.60153,455765526085.79254,0
2024-05-23 00:00:00,3741.897740560911,3741.897740560911,3741.897740560911,3741.897740560911,24114510372.012993,449694006822.5555,0
2024-05-24 00:00:00,3766.398091341944,3766.398091341944,3766.398091341944,3766.398091341944,46761576029.509094,451934122188.91656,0
2024-05-25 00:00:00,3727.065981583209,3727.065981583209,3727.065981583209,3727.065981583209,20715688665.955757,447600344544.24176,0
2024-05-26 00:00:00,3750.077159389676,3750.077159389676,3750.077159389676,3750.077159389676,8464533427.424917,450038598582.0329,0
2024-05-27 00:00:00,3825.277957577714,3825.277957577714,3825.277957577714,3825.277957577714,10540798421.159782,459504483187.0394,0
2024-05-28 00:00:00,3893.3921058941055,3893.3921058941055,3893.3921058941055,3893.3921058941055,15290249260.872213,467614044547.03687,0
2024-05-29 00:00:00,3840.68886040005,3840.68886040005,3840.68886040005,3840.68886040005,18146426007.646515,462070810453.6889,0
2024-05-30 00:00:00,3765.3025567780796,3765.3025567780796,3765.3025567780796,3765.3025567780796,15290595277.792278,452762636814.4171,0
2024-05-31 00:00:00,3748.6391523334596,3748.6391523334596,3748.6391523334596,3748.6391523334596,13659082592.12581,450215609802.7726,0
2024-06-01 00:00:00,3761.0692456476336,3761.0692456476336,3761.0692456476336,3761.0692456476336,12068376838.694778,452758719430.44403,0
2024-06-02 00:00:00,3813.452441559934,3813.452441559934,3813.452441559934,3813.452441559934,7216291113.118156,457995091024.9556,0
2024-06-03 00:00:00,3780.7119847349145,3780.7119847349145,3780.7119847349145,3780.7119847349145,9915137834.269558,454304865087.93256,0
2024-06-04 00:00:00,3766.6376499412618,3766.6376499412618,3766.6376499412618,3766.6376499412618,12609351903.623407,452084974218.36816,0
2024-06-05 00:00:00,3814.932030146498,3814.932030146498,3814.932030146498,3814.932030146498,11652766019.496792,458132490211.60803,0
2024-06-06 00:00:00,3871.0820906216727,3871.0820906216727,3871.0820906216727,3871.0820906216727,12871943841.967451,464211497547.6711,0
2024-06-07 00:00:00,3812.701856549199,3812.701856549199,3812.701856549199,3812.701856549199,11650774701.467743,458058824868.5632,0
2024-06-08 00:00:00,3679.3766523741783,3679.3766523741783,3679.3766523741783,3679.3766523741783,16199024684.298843,442056588562.9977,0
2024-06-09 00:00:00,3683.0253801346485,3683.0253801346485,3683.0253801346485,3683.0253801346485,7575768941.686513,442391279529.5943,0
2024-06-10 00:00:00,3705.8998844045504,3705.8998844045504,3705.8998844045504,3705.8998844045504,6301031436.913941,445276601430.4424,0
2024-06-11 00:00:00,3666.8276647258203,3666.8276647258203,3666.8276647258203,3666.8276647258203,8786880926.53714,440506095151.8904,0
2024-06-12 00:00:00,3498.5559542215797,3498.5559542215797,3498.5559542215797,3498.5559542215797,19621933421.92237,420251663393.7583,0
2024-06-13 00:00:00,3559.4475336257624,3559.4475336257624,3559.4475336257624,3559.4475336257624,16798065224.846418,427834174694.1308,0
2024-06-14 00:00:00,3465.316584199481,3465.316584199481,3465.316584199481,3465.316584199481,14257587847.282923,417151499335.3688,0
2024-06-15 00:00:00,3478.7748349889234,3478.7748349889234,3478.7748349889234,3478.7748349889234,14164619768.518377,418279823088.9498,0
2024-06-16 00:00:00,3565.1232591862595,3565.1232591862595,3565.1232591862595,3565.1232591862595,12060524631.965353,428318893969.5867,0
2024-06-17 00:00:00,3618.508652976102,3618.508652976102,3618.508652976102,3618.508652976102,8663362158.145231,434773902047.7907,0
2024-06-18 00:00:00,3510.3586935289036,3510.3586935289036,3510.3586935289036,3510.3586935289036,17226962124.000225,421162133590.23956,0
2024-06-19 00:00:00,3480.4713384276088,3480.4713384276088,3480.4713384276088,3480.4713384276088,21649791273.213665,424951660073.25385,0
2024-06-20 00:00:00,3555.9658395535403,3555.9658395535403,3555.9658395535403,3555.9658395535403,15091044746.84232,434492651441.09186,0
2024-06-21 00:00:00,3511.28482815368,3511.28482815368,3511.28482815368,3511.28482815368,15933137676.283852,429570574514.96106,0
2024-06-22 00:00:00,3516.88098000528,3516.88098000528,3516.88098000528,3516.88098000528,16100418805.143234,430070452526.121,0
2024-06-23 00:00:00,3494.7985621731755,3494.7985621731755,3494.7985621731755,3494.7985621731755,6342881010.269747,427271533995.02954,0
2024-06-24 00:00:00,3417.7971372978254,3417.7971372978254,3417.7971372978254,3417.7971372978254,8947881396.036127,418002114768.76056,0
2024-06-25 00:00:00,3357.1006400727606,3357.1006400727606,3357.1006400727606,3357.1006400727606,23589084207.47341,402843439308.6059,0
2024-06-26 00:00:00,3395.304687339692,3395.304687339692,3395.304687339692,3395.304687339692,11981602845.529747,407935619100.4282,0
2024-06-27 00:00:00,3365.9446697083863,3365.9446697083863,3365.9446697083863,3365.9446697083863,10009281218.932026,404420889593.2137,0
2024-06-28 00:00:00,3442.910158110125,3442.910158110125,3442.910158110125,3442.910158110125,11076955211.879559,413911406152.8098,0
2024-06-29 00:00:00,3374.6051303067916,3374.6051303067916,3374.6051303067916,3374.6051303067916,10962843305.829046,405590219265.00946,0
2024-06-30 00:00:00,3371.278227967461,3371.278227967461,3371.278227967461,3371.278227967461,5551997884.52149,405186539487.579,0
2024-07-01 00:00:00,3435.3183276337395,3435.3183276337395,3435.3183276337395,3435.3183276337395,7498532249.327012,412683392973.9106,0
2024-07-02 00:00:00,3438.009078999906,3438.009078999906,3438.009078999906,3438.009078999906,11834316021.632442,413087026853.55963,0
2024-07-03 00:00:00,3417.8984255478363,3417.8984255478363,3417.8984255478363,3417.8984255478363,8478511086.945243,410850514007.59125,0
2024-07-04 00:00:00,3295.808464429979,3295.808464429979,3295.808464429979,3295.808464429979,15473856746.245096,395971730267.60034,0
2024-07-05 00:00:00,3069.0434008340803,3069.0434008340803,3069.0434008340803,3069.0434008340803,19209988737.688694,369571668593.03217,0
2024-07-06 00:00:00,2984.398102498264,2984.398102498264,2984.398102498264,2984.398102498264,31755421068.593773,358878418412.549,0
2024-07-07 00:00:00,3066.247437954064,3066.247437954064,3066.247437954064,3066.247437954064,9871087552.273798,368279414918.9943,0
2024-07-08 00:00:00,2928.6012310061665,2928.6012310061665,2928.6012310061665,2928.6012310061665,10243406181.924892,350977454882.58325,0
2024-07-09 00:00:00,3016.0833537946064,3016.0833537946064,3016.0833537946064,3016.0833537946064,20819810746.374283,362836336467.41907,0
2024-07-10 00:00:00,3064.0923605197886,3064.0923605197886,3064.0923605197886,3064.0923605197886,14902982165.592142,368733224976.19775,0
2024-07-11 00:00:00,3099.7101861313545,3099.7101861313545,3099.7101861313545,3099.7101861313545,14523237728.597153,372867773189.40076,0
2024-07-12 00:00:00,3102.0902302291074,3102.0902302291074,3102.0902302291074,3102.0902302291074,14058546522.739754,372384838887.21234,0
2024-07-13 00:00:00,3132.980838609695,3132.980838609695,3132.980838609695,3132.980838609695,12435435678.409641,376300269815.6458,0
2024-07-14 00:00:00,3173.5042341380185,3173.5042341380185,3173.5042341380185,3173.5042341380185,7830621980.637015,381711250543.1549,0
2024-07-15 00:00:00,3252.654184707363,3252.654184707363,3252.654184707363,3252.654184707363,9867236520.521011,391583812600.5758,0
2024-07-16 00:00:00,3488.5387580277174,3488.5387580277174,3488.5387580277174,3488.5387580277174,18368344859.430637,419316550609.62476,0
2024-07-17 00:00:00,3446.7658893041003,3446.7658893041003,3446.7658893041003,3446.7658893041003,21040427365.588116,414703698412.0949,0
2024-07-18 00:00:00,3389.441287038116,3389.441287038116,3389.441287038116,3389.441287038116,16978839263.794697,407908628077.67224,0
2024-07-19 00:00:00,3428.5520187667257,3428.5520187667257,3428.5520187667257,3428.5520187667257,14884776298.264118,412233122047.3164,0
2024-07-20 00:00:00,3505.222536388452,3505.222536388452,3505.222536388452,3505.222536388452,17784761899.551624,421392010127.0308,0
2024-07-21 00:00:00,3522.8013028122487,3522.8013028122487,3522.8013028122487,3522.8013028122487,9427844289.70798,423550664963.50604,0
2024-07-22 00:00:00,3533.118349531153,3533.118349531153,3533.118349531153,3533.118349531153,13378492000.408422,424780865928.9678,0
2024-07-23 00:00:00,3443.073350817144,3443.073350817144,3443.073350817144,3443.073350817144,18304154013.687572,413961610216.08093,0
2024-07-24 00:00:00,3482.9837705931927,3482.9837705931927,3482.9837705931927,3482.9837705931927,25079221799.230476,418879212976.89734,0
2024-07-25 00:00:00,3336.3802530382436,3336.3802530382436,3336.3802530382436,3336.3802530382436,15765758234.562634,401152738546.72644,0
2024-07-26 00:00:00,3173.7633983274727,3173.7633983274727,3173.7633983274727,3173.7633983274727,25890826733.28285,381782355331.5728,0
2024-07-27 00:00:00,3278.1869575279507,3278.1869575279507,3278.1869575279507,3278.1869575279507,15169277359.834238,394189879099.2592,0
2024-07-28 00:00:00,3254.611672582785,3254.611672582785,3254.611672582785,3254.611672582785,14496971021.239912,391424161950.5181,0
2024-07-29 00:00:00,3272.8501306701373,3272.8501306701373,3272.8501306701373,3272.8501306701373,7818233563.235541,393579006059.7797,0
2024-07-30 00:00:00,3316.942188773212,3316.942188773212,3316.942188773212,3316.942188773212,18452148650.905613,399239444647.5382,0
2024-07-31 00:00:00,3276.981779516743,3276.981779516743,3276.981779516743,3276.981779516743,13805865977.524105,393942961780.88654,0
2024-08-01 00:00:00,3233.076804863122,3233.076804863122,3233.076804863122,3233.076804863122,16143420325.47769,388633791826.8701,0
2024-08-02 00:00:00,3204.2465237463616,3204.2465237463616,3204.2465237463616,3204.2465237463616,17786413332.129932,385340171208.75555,0
2024-08-03 00:00:00,2983.300976694291,2983.300976694291,2983.300976694291,2983.300976694291,18785849199.903355,358543505038.73834,0
2024-08-04 00:00:00,2906.7150241765007,2906.7150241765007,2906.7150241765007,2906.7150241765007,17701956694.58319,349395441871.30615,0
2024-08-05 00:00:00,2682.4373928187924,2682.4373928187924,2682.4373928187924,2682.4373928187924,22171247833.139385,323403607818.7498,0
2024-08-06 00:00:00,2415.6311394312143,2415.6311394312143,2415.6311394312143,2415.6311394312143,73571034926.63428,291245061884.5607,0
2024-08-07 00:00:00,2455.51137665051,2455.51137665051,2455.51137665051,2455.51137665051,27613148149.796356,295168597349.07764,0
2024-08-08 00:00:00,2341.590346028249,2341.590346028249,2341.590346028249,2341.590346028249,24968091142.09198,282098261495.40393,0
2024-08-09 00:00:00,2685.012750687489,2685.012750687489,2685.012750687489,2685.012750687489,24290512619.839314,322827381254.3183,0
2024-08-10 00:00:00,2602.1840712761878,2602.1840712761878,2602.1840712761878,2602.1840712761878,18077335701.97768,312353537574.9063,0
2024-08-11 00:00:00,2608.0357436286963,2608.0357436286963,2608.0357436286963,2608.0357436286963,8849019546.648287,313697482213.2365,0
2024-08-12 00:00:00,2558.790870730736,2558.790870730736,2558.790870730736,2558.790870730736,12624674028.077477,307740266021.366,0
2024-08-13 00:00:00,2726.777988551933,2726.777988551933,2726.777988551933,2726.777988551933,22670968464.846756,328070186437.41003,0
2024-08-14 00:00:00,2703.5505587641255,2703.5505587641255,2703.5505587641255,2703.5505587641255,16366799383.61909,325002180894.27686,0
2024-08-15 00:00:00,2662.780395092489,2662.780395092489,2662.780395092489,2662.780395092489,15887432311.728333,320231285058.06165,0
2024-08-16 00:00:00,2569.8604812159274,2569.8604812159274,2569.8604812159274,2569.8604812159274,15498476343.410463,309002097789.9878,0
2024-08-17 00:00:00,2592.249006212312,2592.249006212312,2592.249006212312,2592.249006212312,12841847017.271076,311786461030.44476,0
2024-08-18 00:00:00,2613.139261446099,2613.139261446099,2613.139261446099,2613.139261446099,5483825246.098839,314212508914.4149,0
2024-08-19 00:00:00,2614.6012806263716,2614.6012806263716,2614.6012806263716,2614.6012806263716,8617702421.12827,314682052511.7037,0
2024-08-20 00:00:00,2640.5904207330605,2640.5904207330605,2640.5904207330605,2640.5904207330605,11730843561.162947,317616756579.9527,0
2024-08-21 00:00:00,2575.643435503567,2575.643435503567,2575.643435503567,2575.643435503567,12823659998.035198,309867213669.31934,0
2024-08-22 00:00:00,2630.2988017642488,2630.2988017642488,2630.2988017642488,2630.2988017642488,11246256658.90509,316360729845.1586,0
2024-08-23 00:00:00,2623.289171364539,2623.289171364539,2623.289171364539,2623.289171364539,10277172867.663338,315630604929.4857,0
2024-08-24 00:00:00,2763.2554073640704,2763.2554073640704,2763.2554073640704,2763.2554073640704,17876365362.452858,332181161792.2442,0
2024-08-25 00:00:00,2767.840733546234,2767.840733546234,2767.840733546234,2767.840733546234,11990449014.147696,332950073030.8183,0
2024-08-26 00:00:00,2745.164671605207,2745.164671605207,2745.164671605207,2745.164671605207,8312216650.941433,330332547375.3104,0
2024-08-27 00:00:00,2683.0801154902983,2683.0801154902983,2683.0801154902983,2683.0801154902983,11486270160.014797,322816645099.5817,0
2024-08-28 00:00:00,2457.2773517547434,2457.2773517547434,2457.2773517547434,2457.2773517547434,17505948780.2572,295636169778.93835,0
2024-08-29 00:00:00,2527.0269814017706,2527.0269814017706,2527.0269814017706,2527.0269814017706,21234602056.030586,303958449107.31573,0
2024-08-30 00:00:00,2526.7383553003406,2526.7383553003406,2526.7383553003406,2526.7383553003406,13272715023.256615,304106394048.1237,0
2024-08-31 00:00:00,2527.690204915795,2527.690204915795,2527.690204915795,2527.690204915795,15607580785.925383,304009556580.61725,0
2024-09-01 00:00:00,2513.3643501004462,2513.3643501004462,2513.3643501004462,2513.3643501004462,6105765553.728281,302383496015.1365,0
2024-09-02 00:00:00,2430.0202661439344,2430.0202661439344,2430.0202661439344,2430.0202661439344,11229587557.968822,292436067877.0585,0
2024-09-03 00:00:00,2534.9048168403706,2534.9048168403706,2534.9048168403706,2534.9048168403706,12130504179.053215,304838837601.64795,0
2024-09-04 00:00:00,2437.1471557556497,2437.1471557556497,2437.1471557556497,2437.1471557556497,9565142020.243557,293818299349.5953,0
2024-09-05 00:00:00,2448.30785784089,2448.30785784089,2448.30785784089,2448.30785784089,16639700582.521397,294329412026.3932,0
2024-09-06 00:00:00,2367.7700509506026,2367.7700509506026,2367.7700509506026,2367.7700509506026,11060190870.627691,284989115168.67084,0
2024-09-07 00:00:00,2223.780428382685,2223.780428382685,2223.780428382685,2223.780428382685,26087934661.284035,267574522057.00296,0
2024-09-08 00:00:00,2272.6972849951912,2272.6972849951912,2272.6972849951912,2272.6972849951912,10405191111.340616,273350308345.93225,0
2024-09-09 00:00:00,2296.4029520764498,2296.4029520764498,2296.4029520764498,2296.4029520764498,9844980386.825493,276344419515.7602,0
2024-09-10 00:00:00,2359.565766831627,2359.565766831627,2359.565766831627,2359.565766831627,15874675673.552357,284026097136.9972,0
2024-09-11 00:00:00,2389.4740111256497,2389.4740111256497,2389.4740111256497,2389.4740111256497,12508388687.122387,287422889605.8082,0
2024-09-12 00:00:00,2342.9639236941434,2342.9639236941434,2342.9639236941434,2342.9639236941434,14692963988.99108,282041230807.9828,0
2024-09-13 00:00:00,2362.300238174588,2362.300238174588,2362.300238174588,2362.300238174588,11610780893.077023,284255194234.77527,0
2024-09-14 00:00:00,2445.08621032297,2445.08621032297,2445.08621032297,2445.08621032297,13122792869.978857,294131761890.3451,0
2024-09-15 00:00:00,2418.0828083179904,2418.0828083179904,2418.0828083179904,2418.0828083179904,7248493705.268602,290912717943.81995,0
2024-09-16 00:00:00,2322.6433317480564,2322.6433317480564,2322.6433317480564,2322.6433317480564,9361948332.945747,279257769574.61383,0
2024-09-17 00:00:00,2295.1348386540835,2295.1348386540835,2295.1348386540835,2295.1348386540835,16629103878.54157,276339513490.21936,0
2024-09-18 00:00:00,2341.0924132597524,2341.0924132597524,2341.0924132597524,2341.0924132597524,14449511265.93516,281704536557.3961,0
2024-09-19 00:00:00,2361.960992100706,2361.960992100706,2361.960992100706,2361.960992100706,17524561761.811428,283874122378.3681,0
2024-09-20 00:00:00,2465.2347833172967,2465.2347833172967,2465.2347833172967,2465.2347833172967,17820089225.37694,296680606397.51587,0
2024-09-21 00:00:00,2557.6218555442515,2557.6218555442515,2557.6218555442515,2557.6218555442515,18498405459.395584,307586864690.1545,0
2024-09-22 00:00:00,2614.599604753501,2614.599604753501,2614.599604753501,2614.599604753501,9276102854.536339,315153052833.9301,0
2024-09-23 00:00:00,2582.847683741262,2582.847683741262,2582.847683741262,2582.847683741262,12759588941.97967,310840922229.8413,0
2024-09-24 00:00:00,2647.9931622033255,2647.9931622033255,2647.9931622033255,2647.9931622033255,19740370943.835594,318666137823.1156,0
2024-09-25 00:00:00,2653.844345308008,2653.844345308008,2653.844345308008,2653.844345308008,16584773336.25631,319524635350.52515,0
2024-09-26 00:00:00,2578.566359563475,2578.566359563475,2578.566359563475,2578.566359563475,14003678832.756735,309875035203.6359,0
2024-09-27 00:00:00,2630.94983700893,2630.94983700893,2630.94983700893,2630.94983700893,16686162392.966532,316828988137.27673,0
2024-09-28 00:00:00,2698.1928212346033,2698.1928212346033,2698.1928212346033,2698.1928212346033,16468123574.12263,324681649929.6723,0
2024-09-29 00:00:00,2680.218702062471,2680.218702062471,2680.218702062471,2680.218702062471,9607072594.439383,322761939149.4107,0
2024-09-30 00:00:00,2659.611211611689,2659.611211611689,2659.611211611689,2659.611211611689,9570811494.068226,320146112155.9396,0
2024-10-01 00:00:00,2597.3411516834435,2597.3411516834435,2597.3411516834435,2597.3411516834435,17539259209.42195,312577514239.3695,0
2024-10-02 00:00:00,2451.631522589772,2451.631522589772,2451.631522589772,2451.631522589772,26538568534.282005,295243912099.71765,0
2024-10-03 00:00:00,2365.231040243019,2365.231040243019,2365.231040243019,2365.231040243019,20613586399.40693,284621591999.18945,0
2024-10-04 00:00:00,2348.0048369247393,2348.0048369247393,2348.0048369247393,2348.0048369247393,18771995105.191242,282601960212.3656,0
2024-10-05 00:00:00,2416.9184055552637,2416.9184055552637,2416.9184055552637,2416.9184055552637,15230883994.399237,290928251441.44226,0
2024-10-06 00:00:00,2415.4038137445546,2415.4038137445546,2415.4038137445546,2415.4038137445546,7362867897.959902,290706276902.6144,0
2024-10-07 00:00:00,2438.030912544012,2438.030912544012,2438.030912544012,2438.030912544012,7641011283.520121,293516242471.9333,0
2024-10-08 00:00:00,2422.7506412955013,2422.7506412955013,2422.7506412955013,2422.7506412955013,16943828822.371426,291612805733.03143,0
2024-10-09 00:00:00,2441.4651696200294,2441.4651696200294,2441.4651696200294,2441.4651696200294,13601054198.545612,294190554781.40424,0
2024-10-10 00:00:00,2367.615096789395,2367.615096789395,2367.615096789395,2367.615096789395,14384326799.317202,285084590935.4484,0
2024-10-11 00:00:00,2381.7817088014776,2381.7817088014776,2381.7817088014776,2381.7817088014776,14686776834.298496,286552629874.8065,0
2024-10-12 00:00:00,2435.7137843692162,2435.7137843692162,2435.7137843692162,2435.7137843692162,13097241431.234644,293162664953.97815,0
2024-10-13 00:00:00,2477.6130275578225,2477.6130275578225,2477.6130275578225,2477.6130275578225,8538997411.470292,298282533565.2097,0
2024-10-14 00:00:00,2466.8607267086663,2466.8607267086663,2466.8607267086663,2466.8607267086663,7516544091.44527,296977636559.92773,0
2024-10-15 00:00:00,2628.504376157751,2628.504376157751,2628.504376157751,2628.504376157751,21502937840.286705,316451494816.54065,0
2024-10-16 00:00:00,2602.0760435960988,2602.0760435960988,2602.0760435960988,2602.0760435960988,21986428173.14599,313216116600.22363,0
2024-10-17 00:00:00,2611.700159182395,2611.700159182395,2611.700159182395,2611.700159182395,16135687550.25065,314435102932.4304,0
2024-10-18 00:00:00,2603.1202923346113,2603.1202923346113,2603.1202923346113,2603.1202923346113,14330391810.475258,313194633306.5954,0
2024-10-19 00:00:00,2643.156520987104,2643.156520987104,2643.156520987104,2643.156520987104,16301885114.203026,318245706033.605,0
2024-10-20 00:00:00,2649.979289580214,2649.979289580214,2649.979289580214,2649.979289580214,7337169826.464913,318975355966.1185,0
2024-10-21 00:00:00,2742.9591411600395,2742.9591411600395,2742.9591411600395,2742.9591411600395,12697856633.571321,330127637903.2564,0
2024-10-22 00:00:00,2665.731938974013,2665.731938974013,2665.731938974013,2665.731938974013,17340865615.868176,320871813296.62164,0
2024-10-23 00:00:00,2619.5653130506435,2619.5653130506435,2619.5653130506435,2619.5653130506435,15418370745.51069,315286963217.6233,0
2024-10-24 00:00:00,2524.1038563091197,2524.1038563091197,2524.1038563091197,2524.1038563091197,19004341635.326817,303758669310.65466,0
2024-10-25 00:00:00,2536.234041319884,2536.234041319884,2536.234041319884,2536.234041319884,16708110976.636312,305016120148.3843,0
2024-10-26 00:00:00,2422.09328922875,2422.09328922875,2422.09328922875,2422.09328922875,23734197478.807434,290598017399.4684,0
2024-10-27 00:00:00,2479.3736032443317,2479.3736032443317,2479.3736032443317,2479.3736032443317,13434262241.34632,298518432454.89374,0
2024-10-28 00:00:00,2505.502947138879,2505.502947138879,2505.502947138879,2505.502947138879,8656317174.654642,301656245036.7335,0
2024-10-29 00:00:00,2564.8138556782997,2564.8138556782997,2564.8138556782997,2564.8138556782997,19560694034.693996,308760527470.31,0
2024-10-30 00:00:00,2638.637351278122,2638.637351278122,2638.637351278122,2638.637351278122,22541317733.245987,317633905084.8851,0
2024-10-31 00:00:00,2657.6141818494384,2657.6141818494384,2657.6141818494384,2657.6141818494384,22790792400.863556,320125387602.99,0
2024-11-01 00:00:00,2514.750787241073,2514.750787241073,2514.750787241073,2514.750787241073,20097565241.562813,302903644448.69275,0
2024-11-02 00:00:00,2513.8372870612066,2513.8372870612066,2513.8372870612066,2513.8372870612066,20396109310.40712,302633410028.4328,0
2024-11-03 00:00:00,2491.352150058657,2491.352150058657,2491.352150058657,2491.352150058657,8253307127.229915,299972542553.578,0
2024-11-04 00:00:00,2456.979687344711,2456.979687344711,2456.979687344711,2456.979687344711,14546539750.496363,296080479788.81036,0
2024-11-05 00:00:00,2395.9472139132804,2395.9472139132804,2395.9472139132804,2395.9472139132804,17316680977.698635,288417039274.4664,0
2024-11-06 00:00:00,2422.368479855642,2422.368479855642,2422.368479855642,2422.368479855642,18024855703.904736,291680535424.015,0
2024-11-07 00:00:00,2720.6217450068793,2720.6217450068793,2720.6217450068793,2720.6217450068793,42388106411.06861,327447580506.6538,0
2024-11-08 00:00:00,2894.9718733838376,2894.9718733838376,2894.9718733838376,2894.9718733838376,36844374455.9351,348640981227.00085,0
2024-11-09 00:00:00,2960.9593369382137,2960.9593369382137,2960.9593369382137,2960.9593369382137,33688997426.40259,356482981903.24994,0
2024-11-10 00:00:00,3130.035524073996,3130.035524073996,3130.035524073996,3130.035524073996,30583711140.36284,376942816358.42664,0
2024-11-11 00:00:00,3191.9044555518153,3191.9044555518153,3191.9044555518153,3191.9044555518153,47726595161.32535,384143201744.36383,0
2024-11-12 00:00:00,3372.7914863430115,3372.7914863430115,3372.7914863430115,3372.7914863430115,62390436438.24982,407462829811.2162,0
2024-11-13 00:00:00,3260.934386131155,3260.934386131155,3260.934386131155,3260.934386131155,60074013245.45247,392233485413.7434,0
2024-11-14 00:00:00,3191.8991843987947,3191.8991843987947,3191.8991843987947,3191.8991843987947,65592582441.25777,384320615296.6757,0
2024-11-15 00:00:00,3059.812296932496,3059.812296932496,3059.812296932496,3059.812296932496,37531565153.535194,367484509623.6447,0
2024-11-16 00:00:00,3093.913043390382,3093.913043390382,3093.913043390382,3093.913043390382,33076552515.401417,372487751993.49884,0
2024-11-17 00:00:00,3133.8802234191417,3133.8802234191417,3133.8802234191417,3133.8802234191417,26503107468.25979,376904025324.19116,0
2024-11-18 00:00:00,3075.534532601624,3075.534532601624,3075.534532601624,3075.534532601624,28547657381.28478,370225690651.5099,0
2024-11-19 00:00:00,3209.4239073326826,3209.4239073326826,3209.4239073326826,3209.4239073326826,35364731417.99857,386129534586.85486,0
2024-11-20 00:00:00,3112.9098010150224,3112.9098010150224,3112.9098010150224,3112.9098010150224,29767245881.040333,374925759373.2606,0
2024-11-21 00:00:00,3075.193856649331,3075.193856649331,3075.193856649331,3075.193856649331,29508936260.346874,370266265216.9245,0
2024-11-22 00:00:00,3365.9369715466096,3365.9369715466096,3365.9369715466096,3365.9369715466096,55714132904.97961,405284044226.11957,0
2024-11-23 00:00:00,3327.7571951719624,3327.7571951719624,3327.7571951719624,3327.7571951719624,36536922518.79305,400787854559.3274,0
2024-11-24 00:00:00,3394.036961782547,3394.036961782547,3394.036961782547,3394.036961782547,42885423857.47691,408448492183.1955,0
2024-11-25 00:00:00,3368.7027619429946,3368.7027619429946,3368.7027619429946,3368.7027619429946,30123422893.99126,405718851021.4928,0
2024-11-26 00:00:00,3417.291223691937,3417.291223691937,3417.291223691937,3417.291223691937,53625394443.87371,411314588853.17755,0
2024-11-27 00:00:00,3325.636532587645,3325.636532587645,3325.636532587645,3325.636532587645,41896722105.13149,400706261382.18384,0
2024-11-28 00:00:00,3666.1884904377557,3666.1884904377557,3666.1884904377557,3666.1884904377557,48465294233.32744,441632729137.7082,0
2024-11-29 00:00:00,3579.2407862474997,3579.2407862474997,3579.2407862474997,3579.2407862474997,33082767875.13153,431207272220.64014,0
2024-11-30 00:00:00,3598.1933212253616,3598.1933212253616,3598.1933212253616,3598.1933212253616,28800628431.21762,433361301691.3607,0
2024-12-01 00:00:00,3709.9094391073327,3709.9094391073327,3709.9094391073327,3709.9094391073327,31961998508.230377,446851521665.9131,0
2024-12-02 00:00:00,3708.8072387383017,3708.8072387383017,3708.8072387383017,3708.8072387383017,29705280034.459038,446664514864.58777,0
2024-12-03 00:00:00,3643.855375704235,3643.855375704235,3643.855375704235,3643.855375704235,49031522663.40944,438825980701.30023,0
2024-12-04 00:00:00,3625.7104579497204,3625.7104579497204,3625.7104579497204,3625.7104579497204,39557549415.34987,436691206026.36835,0
2024-12-05 00:00:00,3839.443460715871,3839.443460715871,3839.443460715871,3839.443460715871,59744855714.19937,462490222624.56714,0
2024-12-06 00:00:00,3796.8688671601276,3796.8688671601276,3796.8688671601276,3796.8688671601276,64995601294.502495,457067221118.4413,0
2024-12-07 00:00:00,4013.726145388712,4013.726145388712,4013.726145388712,4013.726145388712,55954471926.67034,483422504163.839,0
2024-12-08 00:00:00,4000.992076502189,4000.992076502189,4000.992076502189,4000.992076502189,21959792763.543846,481889176555.6843,0
2024-12-09 00:00:00,4015.7820212328807,4015.7820212328807,4015.7820212328807,4015.7820212328807,20728146237.12733,483642898147.5037,0
2024-12-10 00:00:00,3713.3138979971745,3713.3138979971745,3713.3138979971745,3713.3138979971745,59141397866.09827,446571271919.9886,0
2024-12-11 00:00:00,3626.5886417774996,3626.5886417774996,3626.5886417774996,3626.5886417774996,63643513993.15369,436749626813.98615,0
2024-12-12 00:00:00,3828.1075883404096,3828.1075883404096,3828.1075883404096,3828.1075883404096,38471623681.40909,461075934206.2153,0
2024-12-13 00:00:00,3878.850012073054,3878.850012073054,3878.850012073054,3878.850012073054,47474608675.336655,466883095805.38696,0
2024-12-14 00:00:00,3907.4296595053356,3907.4296595053356,3907.4296595053356,3907.4296595053356,36218321642.49857,470469907671.53613,0
2024-12-15 00:00:00,3866.9958020348054,3866.9958020348054,3866.9958020348054,3866.9958020348054,28647722345.409325,465713274663.6432,0
2024-12-16 00:00:00,3961.3154661802305,3961.3154661802305,3961.3154661802305,3961.3154661802305,24816850994.80954,477323245356.1555,0
2024-12-17 00:00:00,3992.857195846062,3992.857195846062,3992.857195846062,3992.857195846062,50679799770.94302,480940541314.61334,0
2024-12-18 00:00:00,3879.4062240100893,3879.4062240100893,3879.4062240100893,3879.4062240100893,32823036037.584606,467508439297.98755,0
2024-12-19 00:00:00,3628.2624780444953,3628.2624780444953,3628.2624780444953,3628.2624780444953,50734709374.83128,436893612673.4018,0
2024-12-20 00:00:00,3434.6754695380805,3434.6754695380805,3434.6754695380805,3434.6754695380805,64452959600.863884,413858693686.69867,0
2024-12-21 00:00:00,3468.658920056454,3468.658920056454,3468.658920056454,3468.658920056454,72936574193.4554,417562064054.3703,0
2024-12-22 00:00:00,3337.5972231166807,3337.5972231166807,3337.5972231166807,3337.5972231166807,32479699770.041058,401314595520.45166,0
2024-12-23 00:00:00,3275.8894274015142,3275.8894274015142,3275.8894274015142,3275.8894274015142,25811397925.979923,394984656581.5222,0
2024-12-24 00:00:00,3414.6414419807993,3414.6414419807993,3414.6414419807993,3414.6414419807993,35528067791.09896,411423031050.5532,0
2024-12-25 00:00:00,3497.555287927574,3497.555287927574,3497.555287927574,3497.555287927574,24085249644.32143,420708095541.6798,0
2024-12-26 00:00:00,3494.5109273631047,3494.5109273631047,3494.5109273631047,3494.5109273631047,17503804977.00058,421029544401.6013,0
2024-12-27 00:00:00,3327.7897761683494,3327.7897761683494,3327.7897761683494,3327.7897761683494,21239977785.94795,401038436756.22626,0
2024-12-28 00:00:00,3328.6111553091764,3328.6111553091764,3328.6111553091764,3328.6111553091764,24582312087.174118,400705550098.4306,0
2024-12-29 00:00:00,3397.8341205085153,3397.8341205085153,3397.8341205085153,3397.8341205085153,13861298668.649797,409451576910.996,0
2024-12-30 00:00:00,3357.330742971463,3357.330742971463,3357.330742971463,3357.330742971463,11315432322.371536,404459649875.75726,0
2024-12-31 00:00:00,3359.513941757392,3359.513941757392,3359.513941757392,3359.513941757392,27664137021.813133,404631151447.3196,0
2025-01-01 00:00:00,3336.6175137659498,3336.6175137659498,3336.6175137659498,3336.6175137659498,21466394178.61746,401972899891.29846,0
2025-01-02 00:00:00,3348.967247123586,3348.967247123586,3348.967247123586,3348.967247123586,13440599794.35101,403374380145.697,0
2025-01-03 00:00:00,3448.140436960939,3448.140436960939,3448.140436960939,3448.140436960939,22683249623.05199,415300548992.1061,0
2025-01-04 00:00:00,3604.2913795931763,3604.2913795931763,3604.2913795931763,3604.2913795931763,22019312215.306797,434290507752.4077,0
2025-01-05 00:00:00,3660.37804173532,3660.37804173532,3660.37804173532,3660.37804173532,15951962220.78043,441117087325.0027,0
2025-01-06 00:00:00,3635.8549961807084,3635.8549961807084,3635.8549961807084,3635.8549961807084,12542101206.558632,438092711283.22925,0
2025-01-07 00:00:00,3687.1447140588307,3687.1447140588307,3687.1447140588307,3687.1447140588307,24440100572.59286,444015369643.70074,0
2025-01-08 00:00:00,3380.0211263090155,3380.0211263090155,3380.0211263090155,3380.0211263090155,32832589510.813023,406968109533.227,0
2025-01-09 00:00:00,3325.1300293537356,3325.1300293537356,3325.1300293537356,3325.1300293537356,35080974963.72023,400602495132.5278,0
2025-01-10 00:00:00,3219.09284475812,3219.09284475812,3219.09284475812,3219.09284475812,30096896683.041233,388324291231.471,0
2025-01-11 00:00:00,3269.1759954060667,3269.1759954060667,3269.1759954060667,3269.1759954060667,26722437003.95787,394101246876.45374,0
2025-01-12 00:00:00,3283.591322828503,3283.591322828503,3283.591322828503,3283.591322828503,11047744222.743227,395839071861.3172,0
2025-01-13 00:00:00,3264.070968533687,3264.070968533687,3264.070968533687,3264.070968533687,9699706283.258541,393199349088.32996,0
2025-01-14 00:00:00,3134.5520394596483,3134.5520394596483,3134.5520394596483,3134.5520394596483,41743898872.017,377643507549.0125,0
2025-01-15 00:00:00,3224.8006483414138,3224.8006483414138,3224.8006483414138,3224.8006483414138,22365842880.809456,388487746270.3852,0
2025-01-16 00:00:00,3447.0340476747956,3447.0340476747956,3447.0340476747956,3447.0340476747956,23773995063.828526,415058425772.0614,0
2025-01-17 00:00:00,3309.4466139900196,3309.4466139900196,3309.4466139900196,3309.4466139900196,25012556602.905136,398587196539.9218,0
2025-01-18 00:00:00,3477.284285084809,3477.284285084809,3477.284285084809,3477.284285084809,27778832363.7708,419024911827.7939,0
2025-01-19 00:00:00,3309.0995676199964,3309.0995676199964,3309.0995676199964,3309.0995676199964,32195594202.134895,398761138447.4049,0
2025-01-20 00:00:00,3208.1365439891497,3208.1365439891497,3208.1365439891497,3208.1365439891497,59678736709.7496,388676714260.872,0
2025-01-21 00:00:00,3263.069869880814,3263.069869880814,3263.069869880814,3263.069869880814,49563768850.78339,393073139255.5516,0
2025-01-22 00:00:00,3326.0285404709143,3326.0285404709143,3326.0285404709143,3326.0285404709143,33762939512.697853,400135429379.4123,0
2025-01-23 00:00:00,3237.2996671291435,3237.2996671291435,3237.2996671291435,3237.2996671291435,21782301388.383984,390083338462.87006,0
2025-01-24 00:00:00,3332.580893146162,3332.580893146162,3332.580893146162,3332.580893146162,33863218042.431107,401547418905.6495,0
2025-01-25 00:00:00,3311.8499838687,3311.8499838687,3311.8499838687,3311.8499838687,25895320216.868122,398942774193.46027,0
2025-01-26 00:00:00,3320.1314101789453,3320.1314101789453,3320.1314101789453,3320.1314101789453,12706329663.414034,400427749273.5654,0
2025-01-27 00:00:00,3232.2767744705584,3232.2767744705584,3232.2767744705584,3232.2767744705584,13000445022.22209,390058879989.8578,0
2025-01-28 00:00:00,3173.5346079397173,3173.5346079397173,3173.5346079397173,3173.5346079397173,41151086046.07612,382221069555.6103,0
2025-01-29 00:00:00,3076.4937692857234,3076.4937692857234,3076.4937692857234,3076.4937692857234,19807794444.483303,370532757630.7433,0
2025-01-30 00:00:00,3114.4358854363104,3114.4358854363104,3114.4358854363104,3114.4358854363104,22051422147.78046,375574817164.75665,0
2025-01-31 00:00:00,3248.249484352305,3248.249484352305,3248.249484352305,3248.249484352305,19504592311.356525,391509879851.78656,0
2025-02-01 00:00:00,3296.390634843652,3296.390634843652,3296.390634843652,3296.390634843652,31441846706.254246,396910231325.1062,0
2025-02-02 00:00:00,3125.0386801320924,3125.0386801320924,3125.0386801320924,3125.0386801320924,18969060074.552986,376840076476.98303,0
2025-02-03 00:00:00,2862.6976188716285,2862.6976188716285,2862.6976188716285,2862.6976188716285,38896518795.21238,344091054313.7205,0
2025-02-04 00:00:00,2877.8138239498767,2877.8138239498767,2877.8138239498767,2877.8138239498767,96588727629.45805,346820394641.11206,0
2025-02-05 00:00:00,2740.3809762760143,2740.3809762760143,2740.3809762760143,2740.3809762760143,52737830809.63367,329090090858.6241,0
2025-02-06 00:00:00,2790.5521609256075,2790.5521609256075,2790.5521609256075,2790.5521609256075,30026391038.27177,335828291113.4543,0
2025-02-07 00:00:00,2686.662316793651,2686.662316793651,2686.662316793651,2686.662316793651,31349967107.97825,323756512126.7498,0
2025-02-08 00:00:00,2623.4507017824767,2623.4507017824767,2623.4507017824767,2623.4507017824767,30948837988.08186,315636240722.9841,0
2025-02-09 00:00:00,2635.6011418023404,2635.6011418023404,2635.6011418023404,2635.6011418023404,16335613332.591795,317758860998.56256,0
2025-02-10 00:00:00,2632.5358220552475,2632.5358220552475,2632.5358220552475,2632.5358220552475,17155535243.908037,317369673472.60657,0
2025-02-11 00:00:00,2660.2967996436387,2660.2967996436387,2660.2967996436387,2660.2967996436387,18843420567.42921,320711545303.1932,0
2025-02-12 00:00:00,2603.0333698049267,2603.0333698049267,2603.0333698049267,2603.0333698049267,21212910085.211273,313943237177.0695,0
2025-02-13 00:00:00,2736.2703136032396,2736.2703136032396,2736.2703136032396,2736.2703136032396,26503660438.845695,329492522913.44,0
2025-02-14 00:00:00,2675.7090007037627,2675.7090007037627,2675.7090007037627,2675.7090007037627,18938191215.29619,322584072350.2765,0
2025-02-15 00:00:00,2724.6698335873957,2724.6698335873957,2724.6698335873957,2724.6698335873957,17416785872.704834,328399065363.05505,0
2025-02-16 00:00:00,2692.8213863864253,2692.8213863864253,2692.8213863864253,2692.8213863864253,8896321414.559013,324625278431.52954,0
2025-02-17 00:00:00,2659.9017474093457,2659.9017474093457,2659.9017474093457,2659.9017474093457,8757895115.47748,320529173059.00665,0
2025-02-18 00:00:00,2741.9050800956124,2741.9050800956124,2741.9050800956124,2741.9050800956124,24666373348.432693,330464530098.92377,0
2025-02-19 00:00:00,2669.4945006896073,2669.4945006896073,2669.4945006896073,2669.4945006896073,24353300611.506603,321688672383.7524,0
2025-02-20 00:00:00,2714.8018364720533,2714.8018364720533,2714.8018364720533,2714.8018364720533,13398586820.912325,327248168186.7616,0
2025-02-21 00:00:00,2741.5933625994785,2741.5933625994785,2741.5933625994785,2741.5933625994785,14550027648.522171,330517520397.0965,0
2025-02-22 00:00:00,2658.3470942919384,2658.3470942919384,2658.3470942919384,2658.3470942919384,31770375573.3895,320508273451.5576,0
2025-02-23 00:00:00,2764.355233404291,2764.355233404291,2764.355233404291,2764.355233404291,17576653979.14654,333381856893.82196,0
2025-02-24 00:00:00,2827.1844084879804,2827.1844084879804,2827.1844084879804,2827.1844084879804,21394599890.269897,340712999974.1412,0
2025-02-24 03:31:31,2743.01974472891,2743.01974472891,2743.01974472891,2743.01974472891,23476295370.287285,331445078743.15686,0
